name,coordinates,address,local_government,annual_throughput,remarks,industrial_waste,resource_recovery,waste_for_processing,processing_method,facility_changes,industrial_waste_transport,reuse_and_repair_features
札幌市発寒破砕工場,"[141.354401, 43.062077]",北海道札幌市,札幌市(北海道),16763,1200,有り,1200,粗大ごみ・不燃ごみ・可燃ごみ・資源ごみ,併用,,修理
札幌市篠路清掃工場併設粗大ごみ破砕工場,"[141.354401, 43.062077]",北海道札幌市,札幌市(北海道),10858,723,有り,723,粗大ごみ・不燃ごみ・可燃ごみ,破砕,,機能なし
札幌市駒岡清掃工場併設粗大ごみ破砕工場,"[141.354401, 43.062077]",北海道札幌市,札幌市(北海道),16751,1778,有り,1778,粗大ごみ・不燃ごみ・可燃ごみ・資源ごみ,併用,,機能なし
函館市南茅部クリーンセンター,"[140.728943, 41.768688]",北海道函館市,函館市(北海道),0,0,無し,0,粗大ごみ・不燃ごみ・資源ごみ,併用,休止,機能なし
函館市恵山クリーンセンターリサイクル施設,"[141.154785, 41.788414]",北海道函館市恵山町,函館市(北海道),0,0,無し,0,粗大ごみ・不燃ごみ・資源ごみ,併用,休止,機能なし
北見市廃棄物処理場リサイクルプラザ,"[143.894684, 43.802906]",北海道北見市,北見市(北海道),2562,533,無し,533,粗大ごみ・不燃ごみ・資源ごみ,併用,,機能なし
北見市常呂町一般廃棄物処理センター,"[143.844177, 43.96822]",北海道北見市常呂町,北見市(北海道),251,27,無し,27,粗大ごみ・不燃ごみ,併用,,機能なし
網走市廃棄物処理場（破砕施設）,"[144.273468, 44.020634]",北海道網走市,網走市(北海道),4101,39,無し,39,粗大ごみ・不燃ごみ・その他,破砕,,譲渡
苫小牧沼ノ端クリーンセンター破砕施設,"[141.60553, 42.634071]",北海道苫小牧市,苫小牧市(北海道),5557.27,743,無し,743,粗大ごみ・不燃ごみ,破砕,,機能なし
江別市環境クリーンセンター(不燃・粗大ごみ処理施設),"[141.53624, 43.103745]",北海道江別市,江別市(北海道),2770,218,無し,218,粗大ごみ・不燃ごみ,破砕,,機能なし
根室市ごみ埋立処理場,"[145.582794, 43.330067]",北海道根室市,根室市(北海道),1013,,有り,,粗大ごみ・不燃ごみ・資源ごみ,破砕,,機能なし
千歳市破砕処理場,"[141.651001, 42.821011]",北海道千歳市,千歳市(北海道),6191,781,有り,781,粗大ごみ・不燃ごみ・資源ごみ,破砕,,機能なし
恵庭市ごみ処理場破砕処理施設,"[141.577774, 42.882584]",北海道恵庭市,恵庭市(北海道),0,0,無し,0,混合（未分別）ごみ,破砕,休止,機能なし
北広島市資源リサイクルセンター(粗大ごみ破砕選別施設分),"[141.562836, 42.985474]",北海道北広島市,北広島市(北海道),207,119,無し,119,粗大ごみ・混合（未分別）ごみ,併用,,機能なし
石狩市北石狩衛生センター粗大ごみ処理施設,"[141.392807, 43.23188]",北海道石狩市北生振,石狩市(北海道),3335,277,無し,277,粗大ごみ・不燃ごみ・その他,併用,,機能なし
北斗市ごみ破砕処理施設リサイクリーンほくと,"[140.653061, 41.824165]",北海道北斗市,北斗市(北海道),1490,1498,無し,1498,粗大ごみ・不燃ごみ・資源ごみ,破砕,,機能なし
八雲町リサイクルセンター,"[140.265259, 42.256008]",北海道二海郡八雲町,八雲町(北海道),839,439,無し,439,粗大ごみ・不燃ごみ・資源ごみ,破砕,,機能なし
蘭越町粗大ごみ処理施設,"[140.528381, 42.809238]",北海道磯谷郡蘭越町,蘭越町(北海道),155,10,無し,10,粗大ごみ・資源ごみ,破砕,休止,機能なし
倶知安町清掃センター,"[140.759018, 42.901459]",北海道虻田郡倶知安町,倶知安町(北海道),837,93,無し,93,粗大ごみ・不燃ごみ,併用,,機能なし
余市町クリーンセンター,"[140.783539, 43.195347]",北海道余市郡余市町,余市町(北海道),261,49,無し,49,粗大ごみ,破砕,,機能なし
鷹栖町リサイクルセンター2号棟,"[142.354446, 43.843334]",北海道上川郡鷹栖町,鷹栖町(北海道),209,187,無し,187,粗大ごみ,破砕,,機能なし
上富良野町クリーンセンター,"[142.467087, 43.45565]",北海道空知郡上富良野町,上富良野町(北海道),179,36,無し,36,粗大ごみ,併用,,機能なし
小平町一般廃棄物最終処分場埋立前処理施設,"[139.732101, 36.386158]",栃木県栃木市小平町１番,小平町(北海道),0,0,無し,0,粗大ごみ,破砕,休止,機能なし
中頓別町一般廃棄物埋立処理施設(破砕機),"[142.286743, 44.969761]",北海道枝幸郡中頓別町,中頓別町(北海道),35,12,無し,12,粗大ごみ・資源ごみ,破砕,,機能なし
浦河町クリーンプラザ,"[142.768204, 42.168343]",北海道浦河郡浦河町,浦河町(北海道),156,20,無し,20,粗大ごみ・不燃ごみ,併用,,機能なし
様似町クリーンセンター　粗大ごみ処理施設,"[142.933884, 42.127777]",北海道様似郡様似町,様似町(北海道),71,,無し,,粗大ごみ・不燃ごみ・資源ごみ,破砕,,機能なし
白糠町クリーンセンター,"[144.071732, 42.956165]",北海道白糠郡白糠町,白糠町(北海道),475,121,無し,121,粗大ごみ,破砕,,機能なし
別海町ごみ処理場,"[145.117325, 43.394001]",北海道別海町,別海町(北海道),711,311,無し,311,粗大ごみ・不燃ごみ,併用,,機能なし
中標津町一般廃棄物処理施設,"[144.97139, 43.555206]",北海道中標津町,中標津町(北海道),819,88,無し,88,粗大ごみ・不燃ごみ,破砕,,機能なし
北しりべし広域クリーンセンター,"[141.340973, 43.090778]",北海道札幌市北区,北しりべし廃棄物処理広域連合(北海道),4920,296,無し,296,粗大ごみ・不燃ごみ,併用,,機能なし
馬追クリーンセンター,"[141.774475, 43.009464]",北海道由仁町馬追,南空知公衆衛生組合(北海道),1934,459,無し,459,粗大ごみ・不燃ごみ,破砕,,機能なし
岩内地方清掃センター,"[140.51474, 42.979813]",北海道岩内,岩内地方衛生組合(北海道),1233,211,無し,211,粗大ごみ・不燃ごみ,併用,,機能なし
北部桧山衛生センター組合ごみ破砕処理施設,"[140.302872, 35.855396]",千葉県成田市北部,北部桧山衛生センター組合(北海道),1714,,有り,,粗大ごみ・不燃ごみ・資源ごみ,併用,,機能なし
南十勝環境衛生センター,"[141.634888, 43.081894]",北海道南幌町南十線,南十勝複合事務組合(北海道),573,19,無し,19,粗大ごみ,破砕,,機能なし
南部桧山清掃センター,"[140.77626, 42.737492]",北海道真狩村南部,南部桧山衛生処理組合(北海道),2046,174,無し,174,粗大ごみ・不燃ごみ・資源ごみ,併用,,機能なし
渡島西部衛生センターごみ再生処理施設,"[137.803741, 34.866894]",静岡県浜松市天竜区渡ケ島,渡島西部広域事務組合(北海道),646,310,無し,310,粗大ごみ・不燃ごみ,破砕,,機能なし
日高中部環境センター,"[142.074295, 42.480335]",北海道沙流郡日高町,日高中部衛生施設組合(北海道),1058,139,無し,139,粗大ごみ・不燃ごみ,破砕,,機能なし
愛別町外3町塵芥処理組合富沢衛生センター,"[142.57782, 43.906673]",北海道愛別町,愛別町外3町塵芥処理組合(北海道),2236,326,有り,326,粗大ごみ・不燃ごみ,破砕,,修理・譲渡
西胆振地域廃棄物広域処理施設,"[141.300903, 43.074455]",北海道札幌市西区,西いぶり広域連合(北海道),7221,1121,無し,1121,粗大ごみ・不燃ごみ,破砕,,機能なし
南後志清掃センター,"[141.634888, 43.081894]",北海道南幌町南,南部後志衛生施設組合(北海道),375,214,無し,214,粗大ごみ・不燃ごみ・その他,併用,,機能なし
しらかば清掃センター,"[141.692429, 43.014477]",北海道長沼町しらかば,大雪清掃組合(北海道),1418,297,無し,297,粗大ごみ・不燃ごみ,併用,,機能なし
平取町外2町衛生施設組合清掃センター第2工場(破砕),"[142.128693, 42.58514]",北海道沙流郡平取町,平取町外2町衛生施設組合(北海道),420,190,無し,190,粗大ごみ・不燃ごみ,破砕,,機能なし
留萌南部衛生組合資源化施設,"[141.636932, 43.941006]",北海道留萌振興局,留萌南部衛生組合(北海道),484,108,無し,108,粗大ごみ・その他・混合（未分別）ごみ,併用,,機能なし
西紋別地区広域ごみ処理センター,"[141.300903, 43.074455]",北海道札幌市西区,西紋別地区環境衛生施設組合(北海道),566,147,無し,147,粗大ごみ・不燃ごみ・資源ごみ,併用,,機能なし
青森市清掃工場,"[140.657318, 40.904491]",青森県青森市清水,青森市(青森県),1492,0,無し,0,粗大ごみ・不燃ごみ,破砕,,機能なし
三沢市粗大ごみ処理施設,"[141.36908, 40.683071]",青森県三沢市,三沢市(青森県),1089,322,無し,322,粗大ごみ・不燃ごみ,併用,,機能なし
三戸地区粗大ごみ処理施設,"[141.258743, 40.378445]",青森県三戸郡,三戸地区環境整備事務組合(青森県),799,186,無し,186,粗大ごみ・不燃ごみ,破砕,,機能なし
十和田地域広域事務組合十和田粗大ごみ処理施設,"[141.205383, 40.612507]",青森県十和田市,十和田地域広域事務組合(青森県),2156,604,無し,604,粗大ごみ・不燃ごみ・資源ごみ,併用,,機能なし
花巻市清掃センター粗大ごみ処理施設,"[141.116898, 39.388611]",岩手県花巻市,花巻市(岩手県),1080,322,無し,322,粗大ごみ・不燃ごみ,併用,,機能なし
北上市清掃事業所3号棟,"[141.113235, 39.286774]",岩手県北上市,北上市(岩手県),1051,270.91,無し,270.91,不燃ごみ,破砕,,機能なし
遠野市清養園クリーンセンター廃棄物再生利用施設,"[141.531387, 39.330688]",岩手県遠野市,遠野市(岩手県),577,263,無し,263,粗大ごみ・不燃ごみ,併用,,機能なし
陸前高田市粗大ごみ処理施設,"[141.633316, 39.020412]",岩手県陸前高田市,陸前高田市(岩手県),210,,無し,,不燃ごみ・資源ごみ,破砕,,機能なし
二戸地区クリーンセンター,"[141.30481, 40.271206]",岩手県二戸郡,二戸地区広域行政事務組合(岩手県),1493,496,無し,496,粗大ごみ・不燃ごみ・資源ごみ,併用,,機能なし
久慈地区粗大ごみ処理場,"[141.77565, 40.190449]",岩手県久慈市,久慈広域連合(岩手県),985,402,無し,402,粗大ごみ・不燃ごみ,併用,,機能なし
一関清掃センターごみ焼却施設粗大ごみ処理施設(前処理用),"[141.126648, 38.934711]",岩手県一関市,一関地区広域行政組合(岩手県),575,0,無し,0,粗大ごみ,破砕,,機能なし
大東清掃センター粗大ごみ処理施設,"[139.662827, 35.881973]",埼玉県さいたま市浦和区大東,一関地区広域行政組合(岩手県),1620,1279,無し,1279,粗大ごみ・不燃ごみ・資源ごみ,併用,,機能なし
岩手沿岸南部クリーンセンター,"[142.30954, 44.846107]",北海道中頓別町岩手,岩手沿岸南部広域環境組合(岩手県),730,128,無し,128,粗大ごみ・不燃ごみ・可燃ごみ,破砕,,機能なし
滝沢清掃センター,"[141.170654, 38.900661]",岩手県一関市滝沢清水尻,滝沢・雫石環境組合(岩手県),1903.55,,有り,,粗大ごみ,破砕,,機能なし
葛岡粗大ごみ処理施設,"[140.195831, 39.429123]",秋田県由利本荘市葛岡,仙台市(宮城県),16794,2607,無し,2607,粗大ごみ,併用,,機能なし
今泉粗大ごみ処理施設,"[140.395477, 41.043457]",青森県中泊町今泉,仙台市(宮城県),13652,82.57,無し,82.57,粗大ごみ,破砕,,機能なし
気仙沼市粗大ごみ処理場,"[141.570068, 38.90807]",宮城県気仙沼市,気仙沼市(宮城県),2351,871,無し,871,粗大ごみ・不燃ごみ・資源ごみ,併用,,機能なし
登米市環境事業所クリーンセンター（新）,"[141.187683, 38.691895]",宮城県登米市,登米市(宮城県),3622,629,無し,629,粗大ごみ・不燃ごみ,破砕,,機能なし
栗原市クリーンセンター粗大ごみ処理施設,"[141.021271, 38.730076]",宮城県栗原市,栗原市(宮城県),1852,258,無し,258,粗大ごみ・不燃ごみ,併用,,機能なし
富谷市清掃センター粗大ごみ処理施設,"[140.895432, 38.399933]",宮城県富谷市,富谷市(宮城県),811,118,無し,118,粗大ごみ・資源ごみ,併用,,機能なし
亘理清掃センター,"[140.86792, 38.044262]",宮城県亘理郡,亘理名取共立衛生処理組合(宮城県),420,330,無し,330,粗大ごみ・資源ごみ,併用,,機能なし
岩沼東部環境センター,"[140.870193, 38.104275]",宮城県岩沼市,亘理名取共立衛生処理組合(宮城県),2917,759,無し,759,粗大ごみ・資源ごみ,併用,,機能なし
宮城東部衛生処理センター粗大ごみ処理施設,"[139.839951, 34.974251]",千葉県館山市宮城,宮城東部衛生処理組合(宮城県),1983,247,無し,247,粗大ごみ・不燃ごみ,破砕,,機能なし
大崎広域リサイクルセンター,"[140.088882, 41.791145]",北海道上ノ国町大崎,大崎地域広域行政事務組合(宮城県),4662.89,2726,無し,2726,粗大ごみ・不燃ごみ・資源ごみ,併用,,展示・譲渡
秋田市第2リサイクルプラザ,"[140.103516, 39.719959]",秋田県秋田市,秋田市(秋田県),587.09,389.55,無し,389.55,粗大ごみ・不燃ごみ,破砕,,機能なし
秋田市総合環境センター前処理破砕処理施設,"[140.103516, 39.719959]",秋田県秋田市,秋田市(秋田県),3396.96,,無し,,粗大ごみ・可燃ごみ,破砕,,機能なし
大館市粗大ごみ処理場,"[140.565247, 40.271687]",秋田県大館市,大館市(秋田県),3313,135,無し,135,粗大ごみ・不燃ごみ,破砕,,機能なし
清掃事業所焼却施設,"[136.744186, 35.407257]",岐阜県岐阜市清,由利本荘市(秋田県),1968,446,無し,446,粗大ごみ・不燃ごみ・資源ごみ,併用,,機能なし
潟上市クリーンセンター粗大ごみ処理施設,"[140.013046, 39.857227]",秋田県潟上市,潟上市(秋田県),881,344,無し,344,粗大ごみ・不燃ごみ,併用,,機能なし
北秋田市クリーンリサイクルセンター,"[140.370712, 40.226074]",秋田県北秋田市,北秋田市(秋田県),0,0,無し,0,不燃ごみ・資源ごみ,併用,,機能なし
能代山本広域市町村圏組合北部粗大ごみ処理工場,"[140.027084, 40.211853]",秋田県能代市,能代山本広域市町村圏組合(秋田県),1207,,無し,,粗大ごみ・不燃ごみ,併用,,機能なし
大曲仙北広域北部ごみ処理センター　粗大ごみ処理施設,"[142.166382, 44.235161]",北海道幌加内町大曲,大曲仙北広域市町村圏組合(秋田県),685,199,無し,199,粗大ごみ・不燃ごみ・可燃ごみ・資源ごみ,併用,,機能なし
鹿角ごみ処理場　破砕処理場,"[140.788544, 40.215794]",秋田県鹿角郡,鹿角広域行政組合(秋田県),,,無し,,粗大ごみ・不燃ごみ・混合（未分別）ごみ・可燃ごみ・資源ごみ,破砕,新設（建設中）,機能なし
東根市外二市一町共立衛生処理組合粗大ごみ処理施設,"[140.391129, 38.431381]",山形県東根市,東根市外二市一町共立衛生処理組合(山形県),2074,621,無し,621,粗大ごみ・不燃ごみ,破砕,,機能なし
東根市外二市一町共立衛生処理組合ごみ焼却前処理施設,"[140.391129, 38.431381]",山形県東根市,東根市外二市一町共立衛生処理組合(山形県),229,,無し,,可燃ごみ,破砕,,機能なし
立谷川リサイクルセンター,"[140.38414, 38.312286]",山形県山形市立谷川,山形広域環境事務組合(山形県),3482,1198,無し,1198,粗大ごみ・不燃ごみ,併用,,機能なし
西村山広域行政事務組合寒河江地区クリーンセンター粗大ごみ処理施設,"[133.288025, 36.328766]",島根県隠岐の島町西村,西村山広域行政事務組合(山形県),692,359,無し,359,粗大ごみ・不燃ごみ,併用,,機能なし
酒田地区広域行政組合粗大ごみ処理施設,"[139.836594, 38.914841]",山形県酒田市,酒田地区広域行政組合(山形県),2271,274,無し,274,粗大ごみ,併用,,機能なし
郡山市河内クリーンセンター,"[140.359741, 37.400555]",福島県郡山市,郡山市(福島県),2238,,無し,,粗大ごみ・不燃ごみ,併用,,機能なし
郡山市富久山クリーンセンター,"[140.367905, 37.434044]",福島県郡山市富久山町八山田,郡山市(福島県),8036.85,6139.43,無し,6139.43,粗大ごみ・不燃ごみ・資源ごみ,併用,,機能なし
山田粗大ごみ処理施設,"[140.700836, 42.865429]",北海道倶知安町山田,いわき市(福島県),0,0,無し,0,粗大ごみ・資源ごみ,破砕,廃止,機能なし
伊達地方衛生処理組合清掃センター粗大ごみ処理施設,"[140.864716, 42.471943]",北海道伊達市,伊達地方衛生処理組合(福島県),0,0,無し,0,粗大ごみ,併用,,機能なし
伊達地方衛生処理組合粗大ごみ処理施設,"[140.864716, 42.471943]",北海道伊達市,伊達地方衛生処理組合(福島県),5033,,無し,,粗大ごみ・不燃ごみ・資源ごみ,併用,,機能なし
石川地方粗大ごみ処理施設,"[140.534744, 40.546299]",青森県弘前市石川,石川地方生活環境施設組合(福島県),1768,1189,無し,1189,粗大ごみ・不燃ごみ・資源ごみ,併用,,機能なし
田村東部環境センター,"[140.576324, 37.440639]",福島県田村郡,田村広域行政組合(福島県),852,,無し,,粗大ごみ・不燃ごみ・資源ごみ,併用,,機能なし
西白河地方リサイクルプラザ,"[141.300903, 43.074455]",北海道札幌市西区,白河地方広域市町村圏整備組合(福島県),5758,3209,無し,3209,粗大ごみ・不燃ごみ・その他・資源ごみ,併用,,修理・譲渡
双葉地方広域市町村圏組合南部衛生センター粗大ごみ処理施設,"[141.071899, 42.764931]",北海道喜茂別町双葉,双葉地方広域市町村圏組合(福島県),510,291,無し,291,粗大ごみ・不燃ごみ・資源ごみ,併用,,機能なし
東部クリーンセンター,"[139.490707, 36.010334]",埼玉県川島町東部,南会津地方環境衛生組合(福島県),801,321,無し,321,粗大ごみ・不燃ごみ・その他・混合（未分別）ごみ,破砕,,機能なし
水戸市清掃工場（リサイクルセンター）,"[140.471588, 36.365852]",茨城県水戸市,水戸市(茨城県),3788,889,無し,889,粗大ごみ・不燃ごみ,圧縮,,機能なし
日立市清掃センター,"[140.65062, 36.599152]",茨城県日立市,日立市(茨城県),2146,531,無し,531,粗大ごみ・不燃ごみ・資源ごみ,併用,,機能なし
土浦市清掃センター,"[140.204193, 36.078354]",茨城県土浦市,土浦市(茨城県),1727,829,無し,829,粗大ごみ・不燃ごみ・資源ごみ,併用,,機能なし
笠間市環境センター,"[140.30426, 36.345196]",茨城県笠間市,笠間市(茨城県),1646,779,無し,779,粗大ごみ・不燃ごみ・資源ごみ,併用,,機能なし
リサイクルセンター,"[141.201093729722, 39.7737528447222]",リサイクルセンター,つくば市(茨城県),4854,1127,無し,1127,粗大ごみ・不燃ごみ,併用,,展示・譲渡
ひたちなか市資源リサイクルセンター,"[140.534729, 36.39669]",茨城県ひたちなか市,ひたちなか市(茨城県),2299,1077,無し,1077,粗大ごみ・不燃ごみ,併用,,修理
鹿嶋市立衛生センターリサイクル施設,"[140.644791, 35.965702]",茨城県鹿嶋市,鹿嶋市(茨城県),4868,1088,有り,1088,粗大ごみ・不燃ごみ,併用,,機能なし
潮来クリーンセンター,"[140.555405, 35.947117]",茨城県潮来市,潮来市(茨城県),808,171,無し,171,粗大ごみ・不燃ごみ,併用,,機能なし
行方市環境美化センター粗大ごみ処理施設,"[140.489014, 35.990482]",茨城県行方市,行方市(茨城県),942,535,無し,535,粗大ごみ・不燃ごみ・資源ごみ,併用,,修理・展示・販売
城里町環境センター,"[140.376328, 36.47924]",茨城県城里町,城里町(茨城県),442,74,無し,74,粗大ごみ,破砕,,機能なし
東海村清掃センター,"[140.566223, 36.472927]",茨城県東海村,東海村(茨城県),0,0,無し,0,,併用,,機能なし
阿見町霞クリーンセンター,"[140.215012, 36.03083]",茨城県阿見町,阿見町(茨城県),1874,640,無し,640,粗大ごみ・不燃ごみ・資源ごみ,併用,,機能なし
大宮地方環境整備組合(環境センター・粗大ごみ処理施設),"[140.747986, 38.582787]",宮城県加美町大宮,大宮地方環境整備組合(茨城県),2422,1048,無し,1048,粗大ごみ・資源ごみ,併用,,機能なし
大洗、鉾田、水戸環境組合クリーンセンター,"[140.574875, 36.313343]",茨城県大洗,大洗、鉾田、水戸環境組合(茨城県),692,456,無し,456,粗大ごみ・不燃ごみ・混合（未分別）ごみ・可燃ごみ,併用,,機能なし
江戸崎地方衛生土木組合圧縮施設,"[140.318985, 35.960327]",茨城県稲敷市江戸崎,江戸崎地方衛生土木組合(茨城県),167,,無し,,不燃ごみ,圧縮,,機能なし
江戸崎地方衛生土木組合破砕施設,"[140.318985, 35.960327]",茨城県稲敷市江戸崎,江戸崎地方衛生土木組合(茨城県),3809,,無し,,粗大ごみ,破砕,,機能なし
筑西広域市町村圏事務組合環境センター,"[139.979401, 36.305267]",茨城県筑西市,筑西広域市町村圏事務組合(茨城県),3131,1069,無し,1069,粗大ごみ・不燃ごみ,併用,,機能なし
霞台厚生施設組合環境センター,"[140.534027, 42.069096]",北海道森町霞台,霞台厚生施設組合(茨城県),,,,,粗大ごみ・不燃ごみ・資源ごみ,併用,廃止,機能なし
霞台厚生施設組合リサイクルセンター,"[140.534027, 42.069096]",北海道森町霞台,霞台厚生施設組合(茨城県),2727,2154,無し,2154,粗大ごみ・不燃ごみ・資源ごみ,併用,新設（新規稼働）,機能なし
足利市南部クリーンセンター（粗大ごみ処理施設）,"[139.422699, 36.321087]",栃木県足利市南大町,足利市(栃木県),1348,1151,無し,1151,粗大ごみ・不燃ごみ,破砕,,機能なし
葛生清掃センター,"[139.790131, 36.161091]",茨城県古河市葛生,佐野市(栃木県),554,316,無し,316,粗大ごみ・不燃ごみ,破砕,,機能なし
佐野市みかもクリーンセンター,"[139.578415, 36.314484]",栃木県佐野市,佐野市(栃木県),1545,486,無し,486,粗大ごみ・不燃ごみ,併用,,修理・展示・販売・譲渡
那須塩原クリーンセンター,"[140.046127, 36.961666]",栃木県那須塩原市,那須塩原市(栃木県),956,386,無し,386,粗大ごみ・不燃ごみ,破砕,,機能なし
保健衛生センター,"[139.844864, 35.879848]",埼玉県吉川市保,南那須地区広域行政事務組合(栃木県),750,360,無し,360,粗大ごみ・不燃ごみ・資源ごみ,併用,,機能なし
小山広域保健衛生組合リサイクルセンター粗大ごみ処理ライン,"[140.877426, 38.163151]",宮城県名取市小山,小山広域保健衛生組合(栃木県),4918,1359,無し,1359,粗大ごみ・不燃ごみ・その他,破砕,,修理・展示・販売
前橋市荻窪清掃工場,"[139.128647, 36.421848]",群馬県前橋市荻窪町,前橋市(群馬県),6909,3004,無し,3004,粗大ごみ・不燃ごみ・資源ごみ,併用,,機能なし
前橋市富士見クリーンステーション,"[139.065674, 36.460396]",群馬県前橋市富士見町引田,前橋市(群馬県),1026,719,無し,719,粗大ごみ・不燃ごみ・資源ごみ,併用,,機能なし
高浜クリーンセンター粗大ごみ処理施設,"[141.946091, 39.60743]",岩手県宮古市高浜,高崎市(群馬県),6687,1635,無し,1635,粗大ごみ・不燃ごみ,併用,,機能なし
吉井クリーンセンター粗大ごみ処理施設,"[139.705338, 35.25037]",神奈川県横須賀市吉井,高崎市(群馬県),778,120,無し,120,粗大ごみ・不燃ごみ・資源ごみ,併用,,機能なし
桐生市清掃センター粗大ごみ処理施設,"[139.325089, 36.40662]",群馬県桐生市清瀬町,桐生市(群馬県),5142,1711,無し,1711,粗大ごみ・不燃ごみ・その他・資源ごみ,併用,,機能なし
伊勢崎市清掃リサイクルセンター21,"[139.196671, 36.311386]",群馬県伊勢崎市,伊勢崎市(群馬県),5621,1832,無し,1832,粗大ごみ・不燃ごみ・資源ごみ,併用,,機能なし
藤岡市清掃センター粗大ごみ破砕施設,"[139.074722, 36.25861]",群馬県藤岡市,藤岡市(群馬県),1702,385,無し,385,粗大ごみ・不燃ごみ,併用,,修理・展示・販売
奥利根アメニティパークリサイクルプラザ,"[138.903717, 37.108639]",新潟県南魚沼市奥,みなかみ町(群馬県),1491,774,無し,774,粗大ごみ・不燃ごみ・資源ごみ,併用,,譲渡
吾妻東部衛生センター粗大ごみ処理施設,"[140.112946, 36.081535]",茨城県つくば市吾妻,吾妻東部衛生施設組合(群馬県),902,665,無し,665,粗大ごみ・不燃ごみ・その他・資源ごみ,併用,,機能なし
西吾妻環境衛生センタ-粗大ごみ・不燃ごみ処理施設,"[141.300903, 43.074455]",北海道札幌市西区,西吾妻環境衛生施設組合(群馬県),657,211,無し,211,粗大ごみ・不燃ごみ,併用,,機能なし
渋川地区広域圏清掃センター粗大ごみ処理施設,"[140.992157, 37.467037]",福島県双葉町渋川,渋川地区広域市町村圏振興整備組合(群馬県),2268,669,無し,669,粗大ごみ・不燃ごみ,併用,,機能なし
太田市外三町広域清掃組合リサイクルプラザ,"[139.375504, 36.291157]",群馬県太田市,太田市外三町広域清掃組合(群馬県),9221,5341,無し,5341,粗大ごみ・不燃ごみ・その他・資源ごみ,併用,,修理・展示・販売
さいたま市クリーンセンター大崎第二工場,"[139.645676, 35.861683]",埼玉県さいたま市,さいたま市(埼玉県),7004,1854,無し,1854,粗大ごみ・不燃ごみ,併用,,機能なし
さいたま市西部環境センター,"[139.579727, 35.925198]",埼玉県さいたま市西区,さいたま市(埼玉県),6139,991,無し,991,粗大ごみ・不燃ごみ,併用,,機能なし
さいたま市桜環境センター,"[139.610321, 35.856171]",埼玉県さいたま市桜区,さいたま市(埼玉県),6717,1802,無し,1802,粗大ごみ・不燃ごみ,併用,,機能なし
川口市戸塚環境センター,"[139.754181, 35.863064]",埼玉県川口市戸塚,川口市(埼玉県),5555.87,1138.22,無し,1138.22,粗大ごみ,破砕,,機能なし
行田市粗大ごみ処理場,"[139.455841, 36.138889]",埼玉県行田市,行田市(埼玉県),5225,411,無し,411,粗大ごみ・不燃ごみ・その他,破砕,,機能なし
所沢市東部クリーンセンターリサイクルプラザ不燃・粗大ごみ処理施設,"[139.423538, 35.812645]",埼玉県所沢市東狭山ケ丘,所沢市(埼玉県),6719,1327,無し,1327,粗大ごみ・不燃ごみ,破砕,,機能なし
飯能市クリーンセンター,"[139.327621, 35.855656]",埼玉県飯能市,飯能市(埼玉県),1317,0,無し,0,粗大ごみ・不燃ごみ・資源ごみ,破砕,,機能なし
加須クリーンセンター粗大ごみ処理施設,"[139.601944, 36.13139]",埼玉県加須市,加須市(埼玉県),2137,1272,無し,1272,粗大ごみ・不燃ごみ,破砕,,機能なし
春日部市クリーンセンター,"[139.752502, 35.975277]",埼玉県春日部市,春日部市(埼玉県),4042,985,無し,985,粗大ごみ・不燃ごみ,破砕,,機能なし
狭山市奥富環境センター(旧名称：狭山市第一環境センター),"[139.412231, 35.853054]",埼玉県狭山市,狭山市(埼玉県),4206,,無し,,粗大ごみ・不燃ごみ,併用,,修理・展示・販売・譲渡
羽生市粗大ごみ処理施設,"[139.548477, 36.172634]",埼玉県羽生市,羽生市(埼玉県),2537,425,無し,425,粗大ごみ・不燃ごみ,併用,,機能なし
上尾市西貝塚環境センター,"[139.554123, 35.937237]",埼玉県上尾市西貝塚,上尾市(埼玉県),1503.33,512.77,無し,512.77,粗大ごみ・不燃ごみ・資源ごみ,併用,,機能なし
入間市総合クリーンセンター,"[139.391113, 35.835835]",埼玉県入間市,入間市(埼玉県),4374,728,無し,728,粗大ごみ・不燃ごみ,破砕,,機能なし
入間市清掃事業所,"[139.391113, 35.835835]",埼玉県入間市,入間市(埼玉県),,,無し,,粗大ごみ・資源ごみ,圧縮,休止,機能なし
朝霞市粗大ごみ処理施設,"[139.593735, 35.797188]",埼玉県朝霞市,朝霞市(埼玉県),2787.42,1944.55,無し,1944.55,粗大ごみ・不燃ごみ,破砕,,機能なし
和光市清掃センター,"[139.605835, 35.781387]",埼玉県和光市,和光市(埼玉県),3637,2327.19,無し,2327.19,粗大ごみ・不燃ごみ・その他・資源ごみ,併用,,機能なし
桶川市粗大ごみ処理施設,"[139.55838, 36.002766]",埼玉県桶川市,桶川市(埼玉県),739,167,無し,167,粗大ごみ・不燃ごみ,破砕,,機能なし
三郷市不燃物処理場,"[139.872284, 35.830151]",埼玉県三郷市,三郷市(埼玉県),886,357,無し,357,粗大ごみ・不燃ごみ・資源ごみ,破砕,,機能なし
坂戸市東清掃センター粗大ごみ処理施設,"[139.441193, 35.952766]",埼玉県坂戸市東坂戸,坂戸市(埼玉県),2913,611,無し,611,粗大ごみ・不燃ごみ,併用,,機能なし
幸手市ひばりヶ丘桜泉園,"[139.725845, 36.078056]",埼玉県幸手市,幸手市(埼玉県),1435,340,無し,340,粗大ごみ・不燃ごみ,併用,,機能なし
吉川市環境センター粗大ごみ処理施設,"[139.855652, 35.89595]",埼玉県吉川市,吉川市(埼玉県),1907,890,無し,890,粗大ごみ・不燃ごみ・資源ごみ,併用,,機能なし
蓮田白岡衛生組合粗大ごみ処理施設,"[139.66214, 35.99435]",埼玉県蓮田市,蓮田白岡衛生組合(埼玉県),2322,879,無し,879,粗大ごみ・不燃ごみ・資源ごみ,併用,,修理・展示・販売・譲渡
久喜宮代清掃センター30t／5h粗大ごみ処理施設,"[139.666946, 36.062222]",埼玉県久喜市,久喜宮代衛生組合(埼玉県),1223,404,無し,404,粗大ごみ・不燃ごみ・その他,破砕,,機能なし
菖蒲清掃センター粗大ごみ処理施設,"[140.757538, 37.898148]",宮城県丸森町菖蒲,久喜宮代衛生組合(埼玉県),333,57.04,無し,57.04,粗大ごみ・不燃ごみ,破砕,,機能なし
八甫清掃センター粗大ごみ処理施設,"[139.69136, 36.09634]",埼玉県久喜市八甫,久喜宮代衛生組合(埼玉県),1483,666,無し,666,粗大ごみ・不燃ごみ・資源ごみ,併用,,機能なし
富士見環境センター粗大ごみ・ビン処理施設,"[140.695587, 42.804802]",北海道ニセコ町富士見,志木地区衛生組合(埼玉県),4987,1248,無し,1248,粗大ごみ・不燃ごみ,破砕,,修理・展示・販売
蕨戸田衛生センター粗大ごみ処理施設,"[139.994873, 36.291363]",茨城県筑西市蕨,蕨戸田衛生センター組合(埼玉県),3741,824,無し,824,粗大ごみ・不燃ごみ,併用,,機能なし
埼玉中部環境センター(粗大ごみ処理施設),"[140.017426, 36.974442]",栃木県那須塩原市埼玉,埼玉中部環境保全組合(埼玉県),1709,328,有り,328,粗大ごみ・不燃ごみ,併用,,機能なし
新浜リサイクルセンター,"[143.165924, 42.011967]",北海道えりも町新浜,千葉市(千葉県),14069.69,2149.19,無し,2149.19,粗大ごみ・不燃ごみ,併用,,機能なし
銚子市清掃センター(粗大ごみ処理施設),"[140.848953, 35.732414]",千葉県銚子市清水町,銚子市(千葉県),0,0,無し,0,粗大ごみ・不燃ごみ,併用,廃止,機能なし
市川市クリーンセンター(不燃・粗大ごみ処理施設),"[139.931061, 35.721855]",千葉県市川市,市川市(千葉県),5152,1696,無し,1696,粗大ごみ・不燃ごみ,併用,,機能なし
船橋市西浦資源リサイクル施設,"[139.966797, 35.692257]",千葉県船橋市西浦,船橋市(千葉県),7863.8,1696.34,無し,1696.34,粗大ごみ・不燃ごみ,破砕,,機能なし
木更津市クリーンセンター,"[139.924896, 35.381248]",千葉県木更津市,木更津市(千葉県),2846,627,有り,627,粗大ごみ・不燃ごみ,併用,,機能なし
松戸市日暮クリーンセンター,"[139.963226, 35.786293]",千葉県松戸市日暮,松戸市(千葉県),9494,4877,無し,4877,粗大ごみ・不燃ごみ,圧縮,,機能なし
旭市クリーンセンター粗大ごみ処理施設,"[140.648178, 35.716034]",千葉県旭市,旭市(千葉県),,,,,,,廃止,
柏市清掃工場粗大ごみ処理施設,"[139.975937, 35.867508]",千葉県柏市,柏市(千葉県),8287,599,無し,599,粗大ごみ・不燃ごみ,破砕,,機能なし
市原市福増クリーンセンター第一粗大ごみ処理施設,"[140.139389, 35.475063]",千葉県市原市福増,市原市(千葉県),221,,無し,,粗大ごみ,併用,,機能なし
市原市福増クリーンセンター第二粗大ごみ処理施設,"[140.139389, 35.475063]",千葉県市原市福増,市原市(千葉県),8621,2889,無し,2889,粗大ごみ・不燃ごみ・資源ごみ,併用,,機能なし
流山市クリーンセンターリサイクルプラザ・リサイクル館,"[139.90274, 35.856285]",千葉県流山市,流山市(千葉県),9612,3800,無し,3800,粗大ごみ・不燃ごみ・その他・資源ごみ,併用,,修理・展示・販売
八千代市粗大ごみ処理施設,"[140.099731, 35.7225]",千葉県八千代市,八千代市(千葉県),1247,94,無し,94,粗大ごみ,併用,,機能なし
我孫子市粗大ごみ処理施設,"[140.028336, 35.864166]",千葉県我孫子市,我孫子市(千葉県),1627,355,無し,355,粗大ごみ・不燃ごみ,併用,,機能なし
君津市粗大ごみ処理施設,"[139.902496, 35.330555]",千葉県君津市,君津市(千葉県),0,0,無し,0,粗大ごみ,併用,休止,機能なし
浦安市クリーンセンター(ごみ処理施設),"[139.901978, 35.65316]",千葉県浦安市,浦安市(千葉県),3768,914,無し,914,粗大ごみ・不燃ごみ,併用,,機能なし
四街道市クリーンセンター粗大ごみ処理施設,"[140.167969, 35.669819]",千葉県四街道市,四街道市(千葉県),2276,270,無し,270,粗大ごみ・不燃ごみ,併用,,機能なし
袖ヶ浦市クリーンセンター粗大ごみ処理施設,"[139.954453, 35.429874]",千葉県袖ケ浦市,袖ケ浦市(千葉県),2921,1835,無し,1835,粗大ごみ・不燃ごみ・その他・資源ごみ,併用,,機能なし
酒々井リサイクル文化センター粗大ごみ処理施設,"[140.269562, 35.724865]",千葉県印旛郡酒々井町,佐倉市、酒々井町清掃組合(千葉県),6016,2650,無し,2650,粗大ごみ・不燃ごみ・資源ごみ,併用,,機能なし
東金市外三市町環境クリーンセンター(粗大ごみ処理施設),"[140.366119, 35.559998]",千葉県東金市,東金市外三市町清掃組合(千葉県),2058,691,無し,691,粗大ごみ・不燃ごみ,破砕,,機能なし
印西クリーンセンター,"[140.145798, 35.832336]",千葉県印西市,印西地区環境整備事業組合(千葉県),2730,837,無し,837,粗大ごみ・不燃ごみ,併用,,機能なし
立川市総合リサイクルセンター,"[139.407776, 35.71389]",東京都立川市,立川市(東京都),9781,7485,無し,7485,粗大ごみ・不燃ごみ・その他・資源ごみ,圧縮,,修理・展示・販売
武蔵野クリーンセンター,"[139.224686, 36.142082]",埼玉県深谷市武蔵野,武蔵野市(東京都),1672,716.81,無し,716.81,粗大ごみ・不燃ごみ,破砕,,機能なし
青梅市リサイクルセンター(破砕選別処理施設),"[139.275848, 35.787956]",東京都青梅市,青梅市(東京都),10270,8264,無し,8264,粗大ごみ・不燃ごみ・その他・資源ごみ,併用,,修理・展示・販売
昭島市環境コミュニケーションセンター,"[139.353607, 35.705673]",東京都昭島市,昭島市(東京都),2666,1254,無し,1254,粗大ごみ・不燃ごみ,破砕,,修理・展示・譲渡
町田リサイクル文化センター,"[140.447754, 40.636486]",青森県弘前市大字町田,町田市(東京都),8104,1620,無し,1620,粗大ごみ・不燃ごみ,破砕,廃止,機能なし
町田市バイオエネルギーセンター,"[139.438644, 35.546604]",東京都町田市,町田市(東京都),2241,469,無し,469,粗大ごみ・不燃ごみ,破砕,新設（新規稼働）,修理・展示・販売
小金井市中間処理場,"[139.518555, 35.697956]",東京都小金井市中町,小金井市(東京都),4754,2960,無し,2960,粗大ごみ・不燃ごみ,併用,,機能なし
日野市クリーンセンター粗大ごみ処理施設,"[139.395004, 35.671391]",東京都日野市,日野市(東京都),0,0,無し,0,粗大ごみ・不燃ごみ,破砕,休止,機能なし
国分寺市清掃センター,"[139.463272, 35.71035]",東京都国分寺市,国分寺市(東京都),6878,4782,無し,4782,粗大ごみ・不燃ごみ・資源ごみ,併用,,修理・販売・譲渡
国立市環境センター,"[139.441391, 35.683968]",東京都国立市,国立市(東京都),5826,5826,無し,5826,粗大ごみ・不燃ごみ・その他・資源ごみ,併用,,機能なし
福生市リサイクルセンター,"[139.32695, 35.738461]",東京都福生市,福生市(東京都),2796,1825,無し,1825,粗大ごみ・不燃ごみ・その他・資源ごみ,併用,,修理・展示・販売
羽村市リサイクルセンター,"[139.311111, 35.767223]",東京都羽村市,羽村市(東京都),2657,1633,無し,1633,粗大ごみ・不燃ごみ・資源ごみ,併用,,修理・展示・販売・譲渡
大島町粗大ごみ処理施設,"[140.485046, 39.17865]",秋田県湯沢市大島町,大島町(東京都),221,200,無し,200,粗大ごみ・資源ごみ,併用,,機能なし
新島村金属圧縮処理場,"[139.256958, 34.377151]",東京都新島村,新島村(東京都),0,,無し,,その他,圧縮,休止,機能なし
神津島村粗大ゴミ処理場,"[139.134521, 34.20549]",東京都神津島村,神津島村(東京都),613,12,無し,12,粗大ごみ・不燃ごみ・その他,併用,,機能なし
柳泉園組合粗大ごみ処理施設,"[140.768005, 37.905209]",宮城県丸森町柳,柳泉園組合(東京都),8004,682,無し,682,粗大ごみ・不燃ごみ,破砕,,機能なし
多摩清掃工場,"[139.446396, 35.636944]",東京都多摩市,多摩ニュータウン環境組合(東京都),4693,1127,無し,1127,粗大ごみ・不燃ごみ,併用,,修理・販売
東京二十三区清掃一部事務組合粗大ごみ破砕処理施設,"[141.363617, 43.076111]",北海道札幌市東区,東京二十三区清掃一部事務組合(東京都),86937.53,12509,有り,12509,粗大ごみ・不燃ごみ・その他,破砕,,機能なし
鶴見資源化センター,"[139.682388, 35.508492]",神奈川県横浜市鶴見区,横浜市(神奈川県),3775,,無し,,粗大ごみ・可燃ごみ,破砕,,機能なし
浮島処理センター粗大ごみ処理施設,"[140.995514, 38.302834]",宮城県多賀城市浮島,川崎市(神奈川県),7452,,無し,,粗大ごみ・資源ごみ,併用,,機能なし
王禅寺処理センター資源化処理施設,"[139.522263, 35.586147]",神奈川県川崎市麻生区王禅寺,川崎市(神奈川県),8267,,無し,,粗大ごみ・資源ごみ,併用,,機能なし
相模原市北清掃工場粗大ごみ処理施設,"[139.373337, 35.571388]",神奈川県相模原市,相模原市(神奈川県),4827,1146,無し,1146,粗大ごみ,破砕,,機能なし
横須賀ごみ処理施設,"[140.159729, 35.871883]",茨城県利根町横須賀,横須賀市(神奈川県),5966,889,無し,889,粗大ごみ・不燃ごみ,破砕,,機能なし
鎌倉市今泉クリーンセンター,"[139.570465, 35.340115]",神奈川県鎌倉市今泉,鎌倉市(神奈川県),193,,無し,,粗大ごみ,破砕,,機能なし
鎌倉市名越クリーンセンター,"[139.546936, 35.319225]",神奈川県鎌倉市,鎌倉市(神奈川県),286,,無し,,粗大ごみ,破砕,,機能なし
鎌倉市今泉クリーンセンター,"[139.570465, 35.340115]",神奈川県鎌倉市今泉,鎌倉市(神奈川県),63,63,無し,63,粗大ごみ,圧縮,,機能なし
鎌倉市名越クリーンセンター,"[139.546936, 35.319225]",神奈川県鎌倉市,鎌倉市(神奈川県),95,95,無し,95,粗大ごみ,圧縮,,機能なし
小田原市リサイクルセンター(不燃性粗大ごみ処理施設),"[139.152222, 35.264725]",神奈川県小田原市,小田原市(神奈川県),3621,3072,無し,3072,粗大ごみ・不燃ごみ,圧縮,,機能なし
茅ヶ崎市粗大ごみ処理施設,"[139.403687, 35.333874]",神奈川県茅ヶ崎市,茅ヶ崎市(神奈川県),7948,1245,無し,1245,粗大ごみ・不燃ごみ,破砕,,機能なし
逗子市清掃センターじん芥処理場,"[139.580429, 35.295574]",神奈川県逗子市,逗子市(神奈川県),930,225,無し,225,粗大ごみ・不燃ごみ,併用,,機能なし
厚木市環境センター,"[139.362503, 35.443054]",神奈川県厚木市,厚木市(神奈川県),1296,643,無し,643,粗大ごみ・不燃ごみ,破砕,,機能なし
大和市環境管理センター,"[139.458054, 35.487499]",神奈川県大和市,大和市(神奈川県),2102,940,無し,940,粗大ごみ・不燃ごみ,併用,,機能なし
南足柄市清掃工場,"[139.100006, 35.320557]",神奈川県南足柄市,南足柄市(神奈川県),291.02,,無し,,粗大ごみ・可燃ごみ,破砕,,機能なし
葉山町クリ-ンセンタ-(不燃物処理施設),"[140.864639, 38.285023]",宮城県仙台市青葉区葉山町,葉山町(神奈川県),403,275,無し,275,粗大ごみ・不燃ごみ・資源ごみ,併用,,機能なし
箱根町環境センター清掃第1清掃プラント粗大ごみ処理施設,"[139.106949, 35.232388]",神奈川県足柄下郡箱根町,箱根町(神奈川県),1710,264,無し,264,粗大ごみ・不燃ごみ・可燃ごみ・資源ごみ,破砕,,機能なし
愛川町美化プラント,"[139.321671, 35.528889]",神奈川県愛甲郡愛川町,愛川町(神奈川県),1342,431,無し,431,粗大ごみ・不燃ごみ・資源ごみ,併用,,機能なし
伊勢原清掃工場,"[139.928162, 35.902653]",千葉県柏市伊勢原,秦野市伊勢原市環境衛生組合(神奈川県),26,26,無し,26,粗大ごみ・不燃ごみ,圧縮,,機能なし
伊勢原清掃工場,"[139.928162, 35.902653]",千葉県柏市伊勢原,秦野市伊勢原市環境衛生組合(神奈川県),2155,1386,無し,1386,粗大ごみ・不燃ごみ,併用,,機能なし
伊勢原清掃工場,"[139.928162, 35.902653]",千葉県柏市伊勢原,秦野市伊勢原市環境衛生組合(神奈川県),0,,無し,,粗大ごみ,破砕,休止,機能なし
高座クリーンセンターマテリアルリサイクル施設,"[140.37767, 35.885433]",千葉県成田市高,高座清掃施設組合(神奈川県),2735,315,無し,315,粗大ごみ・不燃ごみ,破砕,,機能なし
湯河原町真鶴町衛生組合粗大ごみ処理施設,"[139.108337, 35.147778]",神奈川県足柄下郡湯河原町,湯河原町真鶴町衛生組合(神奈川県),697,497,無し,497,粗大ごみ・不燃ごみ・資源ごみ,併用,,機能なし
中井美化センター,"[139.864243, 35.885712]",埼玉県吉川市中井,足柄東部清掃組合(神奈川県),479,348,無し,348,粗大ごみ・不燃ごみ・資源ごみ,併用,,機能なし
新潟市亀田清掃センター粗大ごみ処理施設,"[139.036545, 37.916077]",新潟県新潟市,新潟市(新潟県),7238,1039,無し,1039,粗大ごみ・不燃ごみ・資源ごみ,併用,,機能なし
新潟市鎧潟クリーンセンター粗大ごみ処理施設,"[139.036545, 37.916077]",新潟県新潟市,新潟市(新潟県),1092,,無し,,粗大ごみ,破砕,,機能なし
鳥越クリーンセンター粗大ごみ処理施設,"[141.277267, 40.235088]",岩手県一戸町鳥越,長岡市(新潟県),5844,666,無し,666,粗大ごみ・不燃ごみ,併用,,機能なし
三条市清掃センターリサイクル設備,"[138.96167, 37.636387]",新潟県三条市,三条市(新潟県),861,420,無し,420,粗大ごみ・不燃ごみ,併用,,機能なし
村上市ごみ処理場　粗大処理施設(エコパークむらかみ),"[139.480011, 38.224163]",新潟県村上市,村上市(新潟県),1750,326.9,有り,326.9,粗大ごみ・不燃ごみ・可燃ごみ・資源ごみ,破砕,,機能なし
佐渡クリーンセンター粗大ごみ処理施設,"[140.218704, 38.801125]",山形県鮭川村佐渡,佐渡市(新潟県),2615,1215,無し,1215,粗大ごみ・不燃ごみ・資源ごみ,併用,,機能なし
津南地域衛生施設組合粗大ごみ処理施設,"[138.652496, 37.014168]",新潟県中魚沼郡津南町,津南地域衛生施設組合(新潟県),48,48,無し,48,資源ごみ,併用,,機能なし
燕・弥彦総合事務組合環境センター粗大ごみ処理施設,"[138.882095, 37.673161]",新潟県燕市,燕・弥彦総合事務組合(新潟県),1623,701,無し,701,粗大ごみ・不燃ごみ・可燃ごみ・資源ごみ,併用,,機能なし
豊栄環境センター,"[141.6492, 45.167671]",北海道豊富町豊栄,豊栄郷清掃施設処理組合(新潟県),0,,無し,,粗大ごみ・不燃ごみ,破砕,廃止,機能なし
新発田広域不燃物処理場,"[139.327103, 37.947952]",新潟県新発田市,新発田地域広域事務組合(新潟県),1566.72,,無し,,粗大ごみ・不燃ごみ,併用,,機能なし
氷見市不燃物処理センター,"[136.972794, 36.85598]",富山県氷見市,氷見市(富山県),898,109,有り,109,不燃ごみ,破砕,,機能なし
新川広域圏事務組合宮沢清掃センター,"[145.092651, 43.096493]",北海道浜中町新川,新川広域圏事務組合(富山県),7047,738,無し,738,粗大ごみ・不燃ごみ,破砕,,機能なし
富山地区広域圏リサイクルセンター,"[140.483978, 38.645267]",山形県尾花沢市富山,富山地区広域圏事務組合(富山県),8588,4706,無し,4706,粗大ごみ・不燃ごみ・資源ごみ,圧縮,,修理・展示・販売・譲渡
敦賀市清掃センター,"[136.076767, 35.651669]",福井県敦賀市清水町,敦賀市(福井県),2939.78,543.95,無し,543.95,粗大ごみ,破砕,,展示
清掃センター,"[136.744186, 35.407257]",岐阜県岐阜市清,福井坂井地区広域市町村圏事務組合(福井県),14333,1853,無し,1853,粗大ごみ・不燃ごみ・資源ごみ,破砕,,機能なし
大野・勝山地区広域行政事務組合ごみ処理施設,"[140.72319, 40.805473]",青森県青森市大字大野,大野・勝山地区広域行政事務組合(福井県),1223,530,無し,530,粗大ごみ・不燃ごみ・その他,破砕,,修理・展示・譲渡
第2清掃センター,"[141.570328, 43.22427]",北海道新篠津村第,南越清掃組合(福井県),4846,1697,無し,1697,粗大ごみ・不燃ごみ・可燃ごみ・資源ごみ,併用,,修理・展示・販売
鯖江広域衛生施設組合　鯖江クリーンセンター　粗大ごみ処理施設,"[136.184448, 35.956665]",福井県鯖江市,鯖江広域衛生施設組合(福井県),5316,,無し,,粗大ごみ・不燃ごみ,破砕,,機能なし
富士河口湖町じん芥処理場,"[138.755005, 35.497223]",山梨県南都留郡富士河口湖町,富士河口湖町(山梨県),1098,304,無し,304,粗大ごみ・不燃ごみ・資源ごみ,併用,,展示・譲渡
中巨摩地区広域事務組合清掃センター,"[139.98584, 38.080444]",山形県飯豊町中,中巨摩地区広域事務組合(山梨県),2150,721,無し,721,粗大ごみ・不燃ごみ,破砕,,機能なし
甲府・峡東クリーンセンター(リサイクル棟),"[138.568298, 35.662231]",山梨県甲府市,甲府・峡東地域ごみ処理施設事務組合(山梨県),4203,,無し,,粗大ごみ・不燃ごみ・可燃ごみ・資源ごみ,破砕,,機能なし
須坂市粗大ごみ処理施設,"[138.307251, 36.6511]",長野県須坂市,須坂市(長野県),439,224,無し,224,粗大ごみ・不燃ごみ,併用,,機能なし
軽井沢町じん芥処理場,"[138.596954, 36.348331]",長野県軽井沢町,軽井沢町(長野県),407,188,無し,188,粗大ごみ・不燃ごみ・資源ごみ,併用,,機能なし
川西保健衛生施設組合川西一般廃棄物最終処分場,"[140.857086, 42.846931]",北海道京極町川西,川西保健衛生施設組合(長野県),53,26,無し,26,粗大ごみ・不燃ごみ,破砕,,機能なし
松本クリーンセンター(リサイクルプラザ),"[140.163834, 39.446499]",秋田県由利本荘市松本,松塩地区広域施設組合(長野県),2407,134,無し,134,粗大ごみ・不燃ごみ,併用,,機能なし
南諏衛生センター　　粗大ごみ処理施設,"[141.634888, 43.081894]",北海道南幌町南,南諏衛生施設組合(長野県),694,487,無し,487,粗大ごみ・不燃ごみ,併用,廃止,機能なし
掛洞プラント,"[139.687714, 35.972595]",埼玉県さいたま市岩槻区掛,岐阜市(岐阜県),0,0,無し,0,粗大ごみ・不燃ごみ・混合（未分別）ごみ,破砕,休止,機能なし
東部クリーンセンター,"[139.490707, 36.010334]",埼玉県川島町東部,岐阜市(岐阜県),8745,1140,無し,1140,粗大ごみ,併用,新設（新規稼働）,修理・展示・譲渡
高山市資源リサイクルセンター破砕施設,"[137.252243, 36.146049]",岐阜県高山市,高山市(岐阜県),1275.24,0,無し,0,粗大ごみ,破砕,,機能なし
中津川粗大不燃施設,"[140.281906, 36.167091]",茨城県石岡市中津川,中津川市(岐阜県),3577,573,無し,573,粗大ごみ・不燃ごみ,併用,,修理・展示・販売
各務原市北清掃センター,"[136.84848, 35.398621]",岐阜県各務原市,各務原市(岐阜県),3347.34,473.06,有り,473.06,粗大ごみ・不燃ごみ,破砕,,機能なし
山県市クリーンセンター,"[136.781387, 35.506111]",岐阜県山県市,山県市(岐阜県),395,113,無し,113,粗大ごみ・不燃ごみ,破砕,,機能なし
大野町可燃性粗大ごみ焼却施設プレス機,"[139.945236, 35.747204]",千葉県市川市大野町,大野町(岐阜県),0,,無し,,資源ごみ,圧縮,休止,機能なし
北方町リサイクルセンターリサイクル棟,"[140.157837, 35.884464]",茨城県龍ケ崎市北方町,北方町(岐阜県),653,434,無し,434,粗大ごみ・不燃ごみ・資源ごみ,併用,,機能なし
西南濃粗大廃棄物処理センター,"[141.300903, 43.074455]",北海道札幌市西区,西南濃粗大廃棄物処理組合(岐阜県),6726,1629,無し,1629,粗大ごみ・不燃ごみ,併用,,機能なし
沼上資源循環センター　　粗大ごみ資源化棟,"[139.16571, 36.18858]",埼玉県美里町沼上,静岡市(静岡県),8575,1000,無し,1000,粗大ごみ・不燃ごみ,破砕,,機能なし
浜松市平和破砕処理センター,"[137.726303, 34.710808]",静岡県浜松市,浜松市(静岡県),10764,1978,無し,1978,粗大ごみ・不燃ごみ,併用,,機能なし
浜松市浜北清掃センター(切断機),"[137.783157, 34.791546]",静岡県浜松市浜北区,浜松市(静岡県),0,0,無し,0,粗大ごみ,破砕,休止,機能なし
沼津市清掃プラント破砕処理施設,"[138.863617, 35.095554]",静岡県沼津市,沼津市(静岡県),1200,,無し,,粗大ごみ・不燃ごみ・可燃ごみ・資源ごみ,破砕,,機能なし
三島市粗大ごみ処理施設,"[138.918564, 35.118507]",静岡県三島市,三島市(静岡県),1694,505,無し,505,粗大ごみ・不燃ごみ・その他・資源ごみ,併用,,機能なし
富士宮市清掃センター,"[138.621613, 35.221977]",静岡県富士宮市,富士宮市(静岡県),3286,1034,無し,1034,粗大ごみ・不燃ごみ・可燃ごみ・資源ごみ,破砕,,機能なし
伊東市御石ヶ沢清掃工場破砕施設,"[139.101944, 34.965832]",静岡県伊東市,伊東市(静岡県),143,7.6,無し,7.6,粗大ごみ・不燃ごみ,破砕,,機能なし
伊東市御石ヶ沢清掃工場圧縮施設,"[139.101944, 34.965832]",静岡県伊東市,伊東市(静岡県),496.83,417.3,無し,417.3,粗大ごみ・不燃ごみ,圧縮,,機能なし
伊東市御石ヶ沢清掃工場圧縮施設,"[139.101944, 34.965832]",静岡県伊東市,伊東市(静岡県),327.77,275.3,無し,275.3,粗大ごみ・不燃ごみ,圧縮,,機能なし
裾野市美化センター,"[138.906662, 35.173889]",静岡県裾野市,裾野市(静岡県),293,0,無し,0,粗大ごみ・資源ごみ,併用,,機能なし
湖西市環境センター,"[137.531647, 34.718472]",静岡県湖西市,湖西市(静岡県),1785,244,無し,244,粗大ごみ・不燃ごみ・可燃ごみ,併用,,機能なし
函南町リサイクルプラザ,"[138.953339, 35.08889]",静岡県田方郡函南町,函南町(静岡県),1414,248,無し,248,粗大ごみ・不燃ごみ・資源ごみ,併用,,修理
牧之原市御前崎市広域施設組合粗大ごみ処理施設,"[138.224655, 34.740009]",静岡県牧之原市,牧之原市御前崎市広域施設組合(静岡県),348,348,無し,348,資源ごみ,破砕,,機能なし
中遠広域粗大ごみ処理施設,"[139.98584, 38.080444]",山形県飯豊町中,中遠広域事務組合(静岡県),3303,1129,無し,1129,粗大ごみ・不燃ごみ・資源ごみ,併用,,機能なし
一色清掃工場,"[140.398865, 37.077923]",福島県棚倉町一色,志太広域事務組合(静岡県),0,0,無し,0,粗大ごみ,破砕,休止,機能なし
名古屋市愛岐処分場小規模破砕設備,"[136.90657, 35.181438]",愛知県名古屋市,名古屋市(愛知県),644,,無し,,粗大ごみ,破砕,,機能なし
名古屋市大江破砕工場,"[136.90657, 35.181438]",愛知県名古屋市,名古屋市(愛知県),26322.19,1492.86,無し,1492.86,粗大ごみ・不燃ごみ,破砕,,機能なし
豊橋市資源化センター(再利用施設),"[137.391388, 34.769169]",愛知県豊橋市,豊橋市(愛知県),15755,1574,有り,1574,粗大ごみ・不燃ごみ・その他・可燃ごみ,併用,,機能なし
一宮市リサイクルセンター,"[136.802979, 35.303837]",愛知県一宮市,一宮市(愛知県),6922,623,無し,623,粗大ごみ・不燃ごみ,破砕,,機能なし
半田市粗大ごみ処理施設,"[136.938004, 34.891808]",愛知県半田市,半田市(愛知県),2584,,無し,,粗大ごみ・不燃ごみ,破砕,,機能なし
春日井市クリーンセンター粗大ごみ処理施設,"[136.972229, 35.247501]",愛知県春日井市,春日井市(愛知県),1626.39,166.63,無し,166.63,粗大ごみ・不燃ごみ・その他,破砕,,機能なし
犬山市都市美化センター,"[136.944427, 35.378441]",愛知県犬山市,犬山市(愛知県),1315,291,無し,291,粗大ごみ・不燃ごみ,破砕,,機能なし
稲沢市環境センター,"[136.780273, 35.248055]",愛知県稲沢市,稲沢市(愛知県),2996,431,無し,431,粗大ごみ・不燃ごみ,併用,,機能なし
東海市清掃センター,"[136.902328, 35.022957]",愛知県東海市,東海市(愛知県),1148,266,無し,266,粗大ごみ・不燃ごみ・資源ごみ,併用,,機能なし
知多市清掃センター,"[136.874832, 34.98896]",愛知県知多市清水が丘,知多市(愛知県),2819,429,無し,429,粗大ごみ・不燃ごみ,破砕,,機能なし
東部知多クリーンセンター粗大ごみ処理施設,"[139.490707, 36.010334]",埼玉県川島町東部,東部知多衛生組合(愛知県),1961,733,無し,733,粗大ごみ・不燃ごみ,併用,,機能なし
常滑武豊衛生組合クリーンセンター粗大ごみ処理施設,"[136.854477, 34.896088]",愛知県常滑市,常滑武豊衛生組合(愛知県),506,166,無し,166,粗大ごみ・不燃ごみ,併用,廃止,機能なし
尾張東部衛生組合晴丘センター粗大ごみ処理施設,"[133.603577, 35.478058]",鳥取県琴浦町尾張,尾張東部衛生組合(愛知県),3580,933,無し,933,粗大ごみ・不燃ごみ,破砕,,機能なし
小牧岩倉衛生組合環境センターごみ破砕施設,"[139.882584, 38.892696]",山形県酒田市小牧,小牧岩倉衛生組合(愛知県),4768,562,無し,562,粗大ごみ・不燃ごみ,併用,,機能なし
知多南部クリーンセンター(リサイクルプラザ),"[136.864761, 34.996532]",愛知県知多郡,知多南部衛生組合(愛知県),910,206,無し,206,粗大ごみ・不燃ごみ・資源ごみ,破砕,,修理・譲渡
刈谷知立環境組合クリーンセンター,"[140.306168, 35.280025]",千葉県いすみ市苅谷,刈谷知立環境組合(愛知県),4255,977,無し,977,粗大ごみ,併用,,修理・展示・販売
江南丹羽環境管理組合粗大ごみ処理施設,"[144.593246, 43.786732]",北海道清里町江南,江南丹羽環境管理組合(愛知県),1836,58,無し,58,粗大ごみ,破砕,,機能なし
知多南部広域環境センター,"[136.864761, 34.996532]",愛知県知多郡,知多南部広域環境組合(愛知県),334.59,60.43,無し,60.43,粗大ごみ・不燃ごみ,破砕,新設（建設中）・新設（新規稼働）,機能なし
四日市市クリーンセンター,"[136.624451, 34.965118]",三重県四日市市,四日市市(三重県),4010,31,無し,31,粗大ごみ・不燃ごみ・その他,破砕,,機能なし
松阪市クリーンセンター,"[136.527618, 34.577972]",三重県松阪市,松阪市(三重県),2777,0,無し,0,粗大ごみ・不燃ごみ,併用,,機能なし
鈴鹿市不燃物リサイクルセンター,"[136.584213, 34.881855]",三重県鈴鹿市,鈴鹿市(三重県),0,0,無し,0,粗大ごみ・不燃ごみ・資源ごみ,破砕,休止,機能なし
尾鷲市清掃工場,"[136.190979, 34.070786]",三重県尾鷲市,尾鷲市(三重県),132,,無し,,粗大ごみ,併用,,機能なし
亀山市破砕粗大ごみ処理施設,"[136.45166, 34.855831]",三重県亀山市,亀山市(三重県),601,264,有り,264,粗大ごみ・資源ごみ,破砕,,機能なし
亀山市適正処理困難物二軸破砕施設,"[136.45166, 34.855831]",三重県亀山市,亀山市(三重県),3298,,有り,,粗大ごみ・不燃ごみ・可燃ごみ,破砕,,機能なし
志摩市志摩清掃センター粗大ゴミ処理施設,"[136.785141, 34.266602]",三重県志摩市志摩町越賀,志摩市(三重県),0,0,無し,0,粗大ごみ・不燃ごみ,併用,休止,機能なし
伊賀南部クリーンセンター,"[136.142258, 34.749832]",三重県伊賀市,伊賀南部環境衛生組合(三重県),2453,450,有り,450,粗大ごみ・不燃ごみ,破砕,,機能なし
香肌奥伊勢資源化プラザリサイクルプラザ(粗大ごみ処理施設),"[139.821945, 34.972698]",千葉県館山市香,香肌奥伊勢資源化広域連合(三重県),260,168,無し,168,粗大ごみ・不燃ごみ,破砕,,機能なし
大津市北部クリーンセンター破砕処理施設,"[135.961655, 35.259445]",滋賀県大津市北小松,大津市(滋賀県),2807,644,無し,644,粗大ごみ・不燃ごみ・資源ごみ,併用,廃止,機能なし
大津市環境美化センター破砕処理施設,"[135.854721, 35.017776]",滋賀県大津市,大津市(滋賀県),2473,515,無し,515,粗大ごみ・不燃ごみ,破砕,,機能なし
彦根市清掃センター,"[136.210388, 35.227692]",滋賀県彦根市清崎町,彦根市(滋賀県),2050,486,無し,486,粗大ごみ,併用,,機能なし
近江八幡市環境エネルギーセンター,"[136.097961, 35.128323]",滋賀県近江八幡市,近江八幡市(滋賀県),1619,302,無し,302,粗大ごみ・不燃ごみ,破砕,,機能なし
守山市環境センターリサイクル施設,"[135.994446, 35.058887]",滋賀県守山市,守山市(滋賀県),803,173,無し,173,粗大ごみ・不燃ごみ,破砕,新設（新規稼働）,機能なし
栗東市環境センター,"[135.998062, 35.021667]",滋賀県栗東市,栗東市(滋賀県),1355,264,無し,264,粗大ごみ・不燃ごみ・資源ごみ,破砕,,機能なし
湖南市リサイクルプラザ,"[136.084641, 35.003849]",滋賀県湖南市,湖南市(滋賀県),566,406,無し,406,粗大ごみ・不燃ごみ・資源ごみ,併用,,機能なし
高島市環境センター,"[136.035797, 35.353054]",滋賀県高島市,高島市(滋賀県),1287,897,無し,897,粗大ごみ・不燃ごみ・資源ごみ,併用,,修理・展示・販売
湖北広域行政事務センタークリーンプラント,"[140.211838, 36.086811]",茨城県土浦市湖北,湖北広域行政事務センター(滋賀県),4925,939,無し,939,粗大ごみ・不燃ごみ,破砕,,機能なし
湖北広域行政事務センター伊香クリーンプラザ,"[140.211838, 36.086811]",茨城県土浦市湖北,湖北広域行政事務センター(滋賀県),0,0,無し,0,粗大ごみ・不燃ごみ,破砕,休止,機能なし
京都市東北部クリーンセンター破砕施設,"[135.776398, 34.997093]",京都府京都市東山区,京都市(京都府),10104.2,28.13,無し,28.13,粗大ごみ,破砕,,機能なし
京都市南部クリーンセンター（選別資源化施設）,"[135.746429, 34.97665]",京都府京都市南区,京都市(京都府),13604.7062771922,998.58,無し,998.58,粗大ごみ,破砕,,機能なし
木材処理設備,"[140.326813, 36.01432]",茨城県美浦村木,福知山市(京都府),619,,有り,,粗大ごみ・可燃ごみ,破砕,,機能なし
大型破砕機(ガラパゴス),"[140.868118, 38.512997]",宮城県色麻町大,京丹後市(京都府),561,561,無し,561,粗大ごみ,破砕,,機能なし
城南衛生管理組合奥山リユースセンター粗大ごみ処理施設,"[140.470566, 40.579468]",青森県弘前市城南,城南衛生管理組合(京都府),0,0,無し,0,粗大ごみ・不燃ごみ,併用,休止,機能なし
城南衛生管理組合リサイクルセンター長谷山,"[140.470566, 40.579468]",青森県弘前市城南,城南衛生管理組合(京都府),12473,933.47,無し,933.47,粗大ごみ・不燃ごみ・その他,併用,,機能なし
相楽東部クリーンセンター,"[135.80304, 34.739216]",京都府木津川市相楽東戸崎,相楽東部広域連合(京都府),0,0,無し,0,粗大ごみ・不燃ごみ,併用,休止,機能なし
堺市クリーンセンター東工場第一破砕施設,"[135.483063, 34.573334]",大阪府堺市,堺市(大阪府),4928.38,446.24,無し,446.24,粗大ごみ,併用,,機能なし
堺市クリーンセンター東工場第二破砕施設,"[135.483063, 34.573334]",大阪府堺市,堺市(大阪府),5865.43,,無し,,粗大ごみ,併用,,機能なし
堺市クリーンセンター臨海工場破砕施設,"[135.483063, 34.573334]",大阪府堺市,堺市(大阪府),4715.32,0,無し,0,粗大ごみ,併用,,機能なし
吹田市破砕選別工場,"[135.516876, 34.75946]",大阪府吹田市,吹田市(大阪府),16004,8528,無し,8528,粗大ごみ・不燃ごみ・その他・資源ごみ,併用,,機能なし
穂谷川清掃工場粗大ごみ処理施設,"[135.72937, 34.793934]",大阪府枚方市穂谷,枚方市(大阪府),0,,無し,,粗大ごみ・不燃ごみ,破砕,休止,機能なし
東部清掃工場粗大ごみ破砕処理施設,"[139.490707, 36.010334]",埼玉県川島町東部,枚方市(大阪府),7591,,無し,,粗大ごみ・不燃ごみ,破砕,,機能なし
寝屋川市クリーンセンター破砕施設,"[135.628052, 34.766109]",大阪府寝屋川市,寝屋川市(大阪府),5583,699.1,無し,699.1,粗大ごみ・不燃ごみ,破砕,,機能なし
箕面市環境クリーンセンター,"[135.470551, 34.826942]",大阪府箕面市,箕面市(大阪府),7394,719,無し,719,粗大ごみ・不燃ごみ,破砕,,機能なし
忠岡町クリーンセンター粗大ごみ破砕処理施設,"[135.401382, 34.487171]",大阪府泉北郡忠岡町,忠岡町(大阪府),308,0,無し,0,粗大ごみ,破砕,,機能なし
熊取町環境センター,"[135.355988, 34.401459]",大阪府熊取町,熊取町(大阪府),1730,196,無し,196,粗大ごみ・不燃ごみ・資源ごみ,併用,,展示・譲渡
豊中市伊丹市クリーンランドリサイクルプラザ,"[135.469757, 34.781288]",大阪府豊中市,豊中市伊丹市クリーンランド(大阪府),8307.51,947,無し,947,粗大ごみ・不燃ごみ・資源ごみ,併用,,機能なし
泉北クリーンセンター粗大ごみ処理施設,"[140.101486, 39.735477]",秋田県秋田市泉北,泉北環境整備施設組合(大阪府),4479.83,633.88,無し,633.88,粗大ごみ・不燃ごみ,破砕,,譲渡
柏羽藤クリーンセンター,"[143.390579, 43.991478]",北海道遠軽町柏,柏羽藤環境事業組合(大阪府),4611,608.17,無し,608.17,粗大ごみ・不燃ごみ,併用,,機能なし
泉佐野市田尻町清掃施設組合第二事業所,"[135.327362, 34.406837]",大阪府泉佐野市,泉佐野市田尻町清掃施設組合(大阪府),4234,493,無し,493,粗大ごみ・不燃ごみ・資源ごみ,破砕,,機能なし
第四工場破砕設備,"[141.570328, 43.22427]",北海道新篠津村第,東大阪都市清掃施設組合(大阪府),0,0,無し,0,粗大ごみ,破砕,,機能なし
南河内環境事業組合第1清掃工場,"[141.634888, 43.081894]",北海道南幌町南,南河内環境事業組合(大阪府),8542,160,無し,160,粗大ごみ,併用,,機能なし
南河内環境事業組合第2清掃工場,"[141.634888, 43.081894]",北海道南幌町南,南河内環境事業組合(大阪府),3069,210,無し,210,粗大ごみ,併用,,機能なし
泉南清掃事務組合　泉南清掃工場,"[140.443619, 37.773228]",福島県福島市泉南谷地,泉南清掃事務組合(大阪府),1014,98,無し,98,粗大ごみ・不燃ごみ,破砕,,機能なし
舞洲工場,"[135.233643, 34.339424]",大阪府阪南市舞,大阪広域環境施設組合(大阪府),8230,1648,無し,1648,粗大ごみ,破砕,,機能なし
布施畑環境センター破砕選別施設,"[138.926743, 36.675739]",群馬県みなかみ町布施,神戸市(兵庫県),26955.87,3617.83,無し,3617.83,粗大ごみ・不燃ごみ,破砕,,機能なし
家島美化センター,"[133.996536, 34.474876]",香川県直島町家島,姫路市(兵庫県),1310,,無し,,粗大ごみ・不燃ごみ,破砕,,機能なし
大久保清掃工場,"[140.49437, 40.631683]",青森県弘前市大久保,明石市(兵庫県),0,,無し,,粗大ごみ・可燃ごみ,破砕,休止,機能なし
明石クリーンセンター破砕選別施設,"[140.908966, 38.349098]",宮城県富谷市明石,明石市(兵庫県),7453,710,有り,710,粗大ごみ・不燃ごみ,併用,,機能なし
西部総合処理センター破砕選別施設,"[141.300903, 43.074455]",北海道札幌市西区,西宮市(兵庫県),13022,3206,無し,3206,粗大ごみ・不燃ごみ,破砕,,修理・展示・譲渡
リサイクルセンター,"[141.201093729722, 39.7737528447222]",リサイクルセンター,加古川市(兵庫県),4655,592,無し,592,粗大ごみ・不燃ごみ,併用,,機能なし
清掃センター,"[136.744186, 35.407257]",岐阜県岐阜市清,三木市(兵庫県),3480,494,有り,494,粗大ごみ・不燃ごみ,併用,,機能なし
清掃センター,"[136.744186, 35.407257]",岐阜県岐阜市清,丹波篠山市(兵庫県),888,358,無し,358,粗大ごみ・不燃ごみ・資源ごみ,破砕,,機能なし
北但ごみ処理施設,"[141.340973, 43.090778]",北海道札幌市北区,北但行政事務組合(兵庫県),2803,,無し,,粗大ごみ・不燃ごみ,併用,,機能なし
国崎クリーンセンター(リサイクル・プラザ),"[135.423233, 34.923374]",兵庫県川西市国崎,猪名川上流広域ごみ処理施設組合(兵庫県),4293,526,無し,526,粗大ごみ・不燃ごみ,破砕,,譲渡
奈良市環境清美工場粗大ごみ破砕処理施設,"[135.804718, 34.685001]",奈良県奈良市,奈良市(奈良県),9092.73,,無し,,粗大ごみ・不燃ごみ,破砕,,機能なし
大和高田市粗大ごみ処理施設(破砕機),"[135.737381, 34.515751]",奈良県大和高田市,大和高田市(奈良県),923,176,無し,176,粗大ごみ,併用,,機能なし
天理市環境クリーンセンター破砕施設,"[135.837219, 34.596668]",奈良県天理市,天理市(奈良県),1619,330,無し,330,粗大ごみ・不燃ごみ,併用,,機能なし
三郷町清掃センター,"[135.695511, 34.600163]",奈良県三郷町,三郷町(奈良県),465,,無し,,不燃ごみ・可燃ごみ・資源ごみ,併用,,機能なし
河合町清掃工場,"[139.733505, 36.373325]",栃木県栃木市河合町,河合町(奈良県),374,52,無し,52,粗大ごみ・不燃ごみ,破砕,,機能なし
上下北山クリーンセンター,"[139.577774, 35.999477]",埼玉県上尾市上,上下北山衛生一部事務組合(奈良県),267,,無し,,粗大ごみ,破砕,,機能なし
美濃園,"[144.276657, 43.081936]",北海道釧路市美濃,香芝・王寺環境施設組合(奈良県),1759,695,無し,695,粗大ごみ・不燃ごみ・資源ごみ,併用,,機能なし
吉野広域行政組合吉野三町村クリーンセンター,"[141.691681, 43.599461]",北海道新十津川町吉野,吉野広域行政組合(奈良県),260,60,無し,60,粗大ごみ・不燃ごみ・資源ごみ,併用,,機能なし
南和広域美化センター,"[141.634888, 43.081894]",北海道南幌町南,南和広域衛生組合(奈良県),777,180,無し,180,粗大ごみ・不燃ごみ・資源ごみ,破砕,,機能なし
青岸エネルギーセンター,"[135.504883, 35.484779]",福井県高浜町青,和歌山市(和歌山県),0,,無し,,粗大ごみ・不燃ごみ,破砕,休止,機能なし
新宮市クリーンセンター,"[135.992538, 33.724136]",和歌山県新宮市,新宮市(和歌山県),47,47,無し,47,粗大ごみ,圧縮,,機能なし
有田周辺広域圏事務組合環境センター,"[140.057266, 36.243214]",茨城県筑西市有田,有田周辺広域圏事務組合(和歌山県),2404,300,無し,300,粗大ごみ・不燃ごみ,破砕,,機能なし
浜田市不燃ごみ処理場,"[132.080002, 34.899166]",島根県浜田市,浜田市(島根県),999,245,無し,245,粗大ごみ・不燃ごみ,破砕,,機能なし
平田不燃物処理センター,"[140.891754, 37.05761]",福島県いわき市平田町,出雲市(島根県),515,151,無し,151,粗大ごみ・不燃ごみ・資源ごみ,併用,,機能なし
出雲クリーンセンター,"[140.792984, 42.952175]",北海道倶知安町出雲,出雲市(島根県),3215,782,無し,782,粗大ごみ・不燃ごみ・資源ごみ,破砕,,機能なし
大田市不燃物処分場,"[132.499725, 35.192223]",島根県大田市,大田市(島根県),1099,278,無し,278,粗大ごみ・不燃ごみ,破砕,,機能なし
安来市高尾クリーンセンター,"[133.251099, 35.430935]",島根県安来市,安来市(島根県),774,619,無し,619,粗大ごみ,圧縮,,機能なし
安来市伯太農産廃棄物処理施設,"[133.277695, 35.381493]",島根県安来市伯太町安田,安来市(島根県),37,30,無し,30,資源ごみ,圧縮,,機能なし
島の星クリーンセンター,"[140.270279, 38.359482]",山形県寒河江市大字島,江津市(島根県),395,206,無し,206,粗大ごみ・不燃ごみ,圧縮,,機能なし
海士町リサイクルセンター,"[136.916885, 37.84993]",石川県輪島市海士町,海士町(島根県),104,,無し,,粗大ごみ・不燃ごみ・資源ごみ,圧縮,,機能なし
岡山市東部リサイクルプラザ,"[134.029465, 34.651375]",岡山県岡山市東区,岡山市(岡山県),6171.88,2003.33,無し,2003.33,粗大ごみ・不燃ごみ・資源ごみ,破砕,,機能なし
岡山市西部リサイクルプラザ,"[133.919754, 34.655186]",岡山県岡山市,岡山市(岡山県),3692,2315,無し,2315,粗大ごみ・不燃ごみ,破砕,,機能なし
倉敷市東部粗大ごみ処理場,"[133.777313, 34.596062]",岡山県倉敷市東町,倉敷市(岡山県),3961,801,無し,801,粗大ごみ・不燃ごみ,破砕,,機能なし
玉野市粗大ごみ処理施設,"[133.945831, 34.491943]",岡山県玉野市,玉野市(岡山県),1277,,無し,,粗大ごみ・不燃ごみ・資源ごみ,併用,,機能なし
岡山県西部衛生施設組合井笠広域資源化センター,"[134.335693, 35.171764]",岡山県西粟倉,岡山県西部衛生施設組合(岡山県),2127,470,無し,470,粗大ごみ・不燃ごみ,併用,,機能なし
岡山県中部環境施設組合コスモスクリーンセンター粗大ごみ処理施設,"[133.935028, 34.661739]",岡山県,岡山県中部環境施設組合(岡山県),389,150,無し,150,粗大ごみ・不燃ごみ,破砕,,機能なし
吉備路クリーンセンター,"[135.789856, 34.446392]",奈良県高取町吉備,総社広域環境施設組合(岡山県),2444,715,無し,715,粗大ごみ・不燃ごみ・資源ごみ,併用,,機能なし
高梁地域事務組合クリーンセンター,"[133.616821, 34.790981]",岡山県高梁市,高梁地域事務組合(岡山県),687,243,無し,243,粗大ごみ・不燃ごみ,併用,,機能なし
津山圏域クリーンセンター,"[134.004532, 35.069126]",岡山県津山市,津山圏域資源循環施設組合(岡山県),3698,809,無し,809,粗大ごみ・不燃ごみ,破砕,,機能なし
広島市安佐南工場大型ごみ破砕処理施設,"[132.471664, 34.451942]",広島県広島市安佐南区,広島市(広島県),15348,2466,無し,2466,粗大ごみ,破砕,,機能なし
尾道市クリーンセンター,"[133.205627, 34.409161]",広島県尾道市,尾道市(広島県),5795,1037,無し,1037,粗大ごみ・不燃ごみ・資源ごみ,併用,,機能なし
尾道市因島リサイクルセンター,"[133.192078, 34.296787]",広島県尾道市因島三庄町,尾道市(広島県),685,267,無し,267,粗大ごみ・資源ごみ,併用,,機能なし
三次環境クリーンセンター,"[140.391602, 35.977203]",茨城県稲敷市三次,三次市(広島県),2507,927,無し,927,粗大ごみ・不燃ごみ・その他・資源ごみ,併用,,機能なし
廿日市市粗大ごみ処理施設(エコセンターはつかいち内),"[132.331451, 34.348637]",広島県廿日市市,廿日市市(広島県),0,0,無し,0,粗大ごみ,破砕,休止,機能なし
廿日市市大野清掃センター,"[132.201309, 34.302475]",広島県廿日市市大野,廿日市市(広島県),0,0,無し,0,粗大ごみ,破砕,休止,機能なし
廿日市市宮島粗大ごみ処理施設(宮島清掃センター内),"[132.301361, 34.312817]",広島県廿日市市宮島口,廿日市市(広島県),22,,無し,,粗大ごみ,破砕,,機能なし
江田島市環境センター(粗大),"[132.462204, 34.174969]",広島県江田島市,江田島市(広島県),1167,222,無し,222,粗大ごみ,破砕,,機能なし
安芸クリーンセンター,"[132.525558, 34.371666]",広島県広島市安芸区,安芸地区衛生施設管理組合(広島県),2679,,無し,,粗大ごみ,破砕,,機能なし
賀茂環境センター(粗大ごみ処理施設),"[132.976257, 34.570347]",広島県世羅町賀茂,広島中央環境衛生組合(広島県),4199,1667,無し,1667,粗大ごみ・不燃ごみ・その他・資源ごみ,併用,,機能なし
奥山工場,"[140.167114, 35.877464]",茨城県利根町奥山,下関市(山口県),11102,,有り,,粗大ごみ・可燃ごみ,破砕,,機能なし
下関市リサイクルプラザ,"[130.940964, 33.957287]",山口県下関市,下関市(山口県),2760,812,無し,812,粗大ごみ・不燃ごみ,破砕,,修理・展示・販売
宇部市リサイクルプラザ(粗大ごみライン),"[131.247314, 33.951824]",山口県宇部市,宇部市(山口県),3248,787,無し,787,粗大ごみ・不燃ごみ,併用,,修理・展示・販売・譲渡
大井不燃物埋立処分場,"[140.138107, 36.011585]",茨城県つくば市大井,萩市(山口県),1432,194,無し,194,粗大ごみ・不燃ごみ,破砕,,機能なし
防府市クリーンセンターリサイクル施設,"[131.562775, 34.051945]",山口県防府市,防府市(山口県),2456,871,無し,871,粗大ごみ・不燃ごみ,破砕,,修理・展示・譲渡
長門市清掃工場,"[131.182617, 34.37056]",山口県長門市,長門市(山口県),988,206,有り,206,粗大ごみ・不燃ごみ,併用,,機能なし
周南市熊毛粗大ごみリサイクル施設,"[131.968933, 34.049019]",山口県周南市熊毛中央町,周南市(山口県),0,0,無し,0,粗大ごみ,破砕,休止,機能なし
山陽小野田市環境衛生センター,"[131.181808, 34.003166]",山口県山陽小野田市,山陽小野田市(山口県),1965,245,無し,245,粗大ごみ,破砕,,機能なし
阿武町リサイクルセンター,"[131.471436, 34.503326]",山口県阿武郡阿武町,阿武町(山口県),53,11,無し,11,粗大ごみ・不燃ごみ・その他・資源ごみ,併用,,機能なし
熊南総合事務組合資源活用センター,"[140.99173, 37.389839]",福島県大熊町熊,熊南総合事務組合(山口県),253,,無し,,粗大ごみ,併用,,機能なし
恋路クリーンセンター,"[137.237808, 37.368469]",石川県能登町恋路,周南地区衛生施設組合(山口県),6043,,無し,,粗大ごみ,破砕,,機能なし
阿南市クリーンセンター,"[134.659744, 33.922031]",徳島県阿南市,阿南市(徳島県),0,0,無し,0,粗大ごみ,破砕,休止,機能なし
那賀町清掃センター,"[134.496643, 33.857437]",徳島県那賀郡那賀町,那賀町(徳島県),0,,無し,,粗大ごみ・不燃ごみ・資源ごみ,併用,休止,機能なし
那賀町クリーンセンター,"[134.496643, 33.857437]",徳島県那賀郡那賀町,那賀町(徳島県),286,88,無し,88,粗大ごみ・不燃ごみ・資源ごみ,併用,,機能なし
松茂町第二環境センター,"[134.580612, 34.133774]",徳島県松茂町,松茂町(徳島県),1027,756,無し,756,粗大ごみ・不燃ごみ・資源ごみ,併用,,機能なし
中央広域環境センター,"[141.877472, 43.554691]",北海道新十津川町中央,中央広域環境施設組合(徳島県),738,32,無し,32,粗大ごみ・不燃ごみ,破砕,,機能なし
清掃センター,"[136.744186, 35.407257]",岐阜県岐阜市清,みよし広域連合(徳島県),1199,363,無し,363,粗大ごみ・不燃ごみ,併用,,機能なし
高松市西部クリーンセンター,"[134.047974, 34.349865]",香川県高松市西の丸町,高松市(香川県),8058,749,無し,749,粗大ごみ・不燃ごみ,併用,,機能なし
松山市南クリーンセンター,"[132.703964, 33.827938]",愛媛県松山市南吉田町,松山市(愛媛県),5984.2,1194.79,無し,1194.79,粗大ごみ,併用,,機能なし
新居浜市清掃センター,"[133.311539, 33.961494]",愛媛県新居浜市清住町,新居浜市(愛媛県),4163,555.89,有り,555.89,粗大ごみ,併用,,機能なし
西条市道前クリーンセンター,"[133.181122, 33.919495]",愛媛県西条市,西条市(愛媛県),3885,1055,無し,1055,粗大ごみ・不燃ごみ,併用,,機能なし
四国中央市クリーンセンター,"[133.549988, 33.980591]",愛媛県四国中央市,四国中央市(愛媛県),3315,528,有り,528,粗大ごみ・不燃ごみ,破砕,,機能なし
愛南町環境衛生センター,"[132.583389, 32.962494]",愛媛県愛南町,愛南町(愛媛県),0,0,無し,0,粗大ごみ・不燃ごみ・資源ごみ,併用,,機能なし
伊予地区清掃センター,"[132.703842, 33.757866]",愛媛県伊予郡,伊予地区ごみ処理施設管理組合(愛媛県),140,0,無し,0,粗大ごみ,破砕,,機能なし
宇和島地区広域事務組合　環境センター,"[132.560608, 33.223282]",愛媛県宇和島市,宇和島地区広域事務組合(愛媛県),876,441,無し,441,粗大ごみ・不燃ごみ,破砕,,機能なし
安芸市一般廃棄物最終処分場,"[133.906738, 33.502434]",高知県安芸市,安芸市(高知県),1225,766,有り,766,粗大ごみ・不燃ごみ,破砕,,機能なし
土佐市北原クリーンセンター粗大ごみ処理施設,"[133.388092, 33.492653]",高知県土佐市北地,土佐市(高知県),877,162,無し,162,粗大ごみ・不燃ごみ・資源ごみ,併用,,機能なし
土佐市北原クリーンセンター粗大ごみ圧縮機,"[133.388092, 33.492653]",高知県土佐市北地,土佐市(高知県),7,7,無し,7,粗大ごみ・資源ごみ,圧縮,,機能なし
高吾北清掃センター粗大ごみ処理施設,"[140.37767, 35.885433]",千葉県成田市高,高吾北広域町村事務組合(高知県),447,116,無し,116,粗大ごみ・不燃ごみ,併用,,機能なし
嶺北広域清掃センター粗大ゴミ処理工場,"[138.842621, 36.318661]",群馬県安中市嶺,嶺北広域行政事務組合(高知県),448,188,無し,188,粗大ごみ・不燃ごみ・資源ごみ,併用,,機能なし
福岡市東部資源化センター,"[130.417496, 33.617779]",福岡県福岡市東区,福岡市(福岡県),9087.65,2649.98,有り,2649.98,粗大ごみ・不燃ごみ・資源ごみ,破砕,,機能なし
福岡市西部資源化センター,"[130.323059, 33.582779]",福岡県福岡市西区,福岡市(福岡県),16196.46,5840.03,有り,5840.03,粗大ごみ・不燃ごみ・資源ごみ,破砕,,機能なし
福岡市西部工場粗大ごみ処理施設,"[130.323059, 33.582779]",福岡県福岡市西区,福岡市(福岡県),,,有り,,粗大ごみ・可燃ごみ,破砕,,機能なし
福岡市臨海工場粗大ごみ処理施設,"[130.401672, 33.59]",福岡県福岡市,福岡市(福岡県),2956.66,,有り,,粗大ごみ・可燃ごみ,破砕,,機能なし
久留米市上津クリーンセンター,"[130.526886, 33.288002]",福岡県久留米市上津,久留米市(福岡県),3470.81,,無し,,粗大ごみ・可燃ごみ,破砕,,機能なし
久留米市宮ノ陣クリーンセンター,"[130.529633, 33.33009]",福岡県久留米市宮ノ陣,久留米市(福岡県),1534.51,,無し,,粗大ごみ,破砕,,機能なし
久留米市宮ノ陣クリーンセンター,"[130.529633, 33.33009]",福岡県久留米市宮ノ陣,久留米市(福岡県),1647.7,,無し,,粗大ごみ・不燃ごみ,破砕,,機能なし
太宰府市環境美化センター,"[130.523895, 33.512779]",福岡県太宰府市,太宰府市(福岡県),1575,980,無し,980,粗大ごみ・不燃ごみ・その他・資源ごみ,併用,,機能なし
泉水最終処分場,"[139.57576, 35.802353]",埼玉県朝霞市泉水,宮若市外二町じん芥処理施設組合(福岡県),959,,無し,,粗大ごみ,併用,,機能なし
八女西部クリーンセンター,"[130.557785, 33.211945]",福岡県八女郡,八女西部広域事務組合(福岡県),451,119,無し,119,粗大ごみ・不燃ごみ,併用,,機能なし
みやこ処理場,"[130.920563, 33.699165]",福岡県みやこ,行橋市・みやこ町清掃施設組合(福岡県),3183,,無し,,粗大ごみ・可燃ごみ,破砕,,機能なし
遠賀・中間リレーセンター,"[130.668335, 33.848057]",福岡県遠賀郡,遠賀・中間地域広域行政事務組合(福岡県),2917,596,無し,596,粗大ごみ・不燃ごみ,併用,,機能なし
春日大野城リサイクルプラザ,"[141.016708, 38.35358]",宮城県利府町春日大沢,春日大野城衛生施設組合(福岡県),3423,2642,無し,2642,粗大ごみ・不燃ごみ・資源ごみ,併用,,修理・展示・販売・譲渡
田川市川崎町清掃センター,"[130.793777, 33.642696]",福岡県田川市川宮,田川地区清掃施設組合(福岡県),1096,18,無し,18,粗大ごみ・不燃ごみ,破砕,,機能なし
リサイクルセンター,"[141.201093729722, 39.7737528447222]",リサイクルセンター,ふくおか県央環境広域施設組合(福岡県),1464,,無し,,粗大ごみ・不燃ごみ・資源ごみ,破砕,,展示
飯塚市クリーンセンターリサイクルプラザ,"[130.691254, 33.646446]",福岡県飯塚市,ふくおか県央環境広域施設組合(福岡県),1793,178,無し,178,粗大ごみ・不燃ごみ,併用,,機能なし
桂苑,"[144.399475, 43.004066]",北海道釧路町桂,ふくおか県央環境広域施設組合(福岡県),1201,251,無し,251,粗大ごみ・不燃ごみ・資源ごみ,破砕,,機能なし
佐賀市移動式破砕機,"[130.300888, 33.263512]",佐賀県佐賀市,佐賀市(佐賀県),71,0,無し,0,粗大ごみ,併用,,機能なし
唐津市清掃センター,"[129.968201, 33.450092]",佐賀県唐津市,唐津市(佐賀県),3566,1305,無し,1305,粗大ごみ・不燃ごみ・資源ごみ,併用,,修理・展示・譲渡
東工場粗大ごみ処理施設,"[141.363617, 43.076111]",北海道札幌市東区,長崎市(長崎県),0,0,無し,0,粗大ごみ・不燃ごみ,併用,,機能なし
佐世保市西部クリーンセンター粗大・不燃物処理施設,"[129.710861, 33.176353]",長崎県佐世保市西大久保町,佐世保市(長崎県),4150,,無し,,粗大ごみ・不燃ごみ,併用,,機能なし
大村市環境センター,"[129.958328, 32.900002]",長崎県大村市,大村市(長崎県),3639,,無し,,粗大ごみ・不燃ごみ・資源ごみ,併用,,機能なし
水俣市環境クリーンセンター(破砕機),"[130.408615, 32.211746]",熊本県水俣市,水俣市(熊本県),439,138,無し,138,粗大ごみ,併用,,機能なし
小峰クリーンセンター,"[130.773392, 32.801529]",熊本県熊本市東区小峯,山都町(熊本県),232,58,無し,58,粗大ごみ・不燃ごみ,併用,,機能なし
御船甲佐クリーンセンター,"[130.801895, 32.714584]",熊本県御船,御船町甲佐町衛生施設組合(熊本県),214,166,無し,166,粗大ごみ,破砕,,機能なし
益城クリーンセンター,"[130.817017, 32.80061]",熊本県益城,益城、嘉島、西原環境衛生施設組合(熊本県),517,4,無し,4,粗大ごみ,破砕,,機能なし
山鹿植木広域行政事務組合リサイクルプラザ,"[130.667374, 33.905807]",福岡県芦屋町山鹿,山鹿植木広域行政事務組合(熊本県),2727,2583,無し,2583,粗大ごみ・資源ごみ,併用,,機能なし
人吉球磨クリーンプラザ（リサイクル工場）,"[130.760162, 32.205631]",熊本県人吉市,人吉球磨広域行政組合(熊本県),2373,900,無し,900,粗大ごみ・不燃ごみ・資源ごみ,破砕,,機能なし
東部環境センター,"[139.490707, 36.010334]",埼玉県川島町東部,有明広域行政事務組合(熊本県),685,685,無し,685,粗大ごみ・不燃ごみ,破砕,,機能なし
本渡地区清掃センター(不燃ごみ処理施設),"[135.220779, 34.178795]",和歌山県和歌山市本渡,天草広域連合(熊本県),2658,,無し,,粗大ごみ・不燃ごみ,破砕,,機能なし
松島地区清掃センター(不燃ごみ処理施設),"[141.067368, 38.380192]",宮城県宮城郡松島町,天草広域連合(熊本県),692,,無し,,粗大ごみ・不燃ごみ,破砕,,機能なし
中津市クリーンプラザ,"[131.188339, 33.598331]",大分県中津市,中津市(大分県),1819,272,無し,272,粗大ごみ,併用,,機能なし
臼杵市清掃センター,"[131.804718, 33.125832]",大分県臼杵市,臼杵市(大分県),1389,232,無し,232,粗大ごみ・不燃ごみ・混合（未分別）ごみ・可燃ごみ・資源ごみ,破砕,,機能なし
豊後大野市清掃センター,"[131.50827, 32.954296]",大分県豊後大野市清川町三玉,豊後大野市(大分県),953,333,無し,333,粗大ごみ・不燃ごみ・可燃ごみ・資源ごみ,併用,,機能なし
玖珠清掃センター,"[131.151382, 33.283333]",大分県玖珠郡,玖珠九重行政事務組合(大分県),231,135.09,無し,135.09,粗大ごみ・不燃ごみ,併用,,機能なし
延岡市清掃工場粗大ごみ処理施設,"[131.66507, 32.582176]",宮崎県延岡市,延岡市(宮崎県),2808,714,無し,714,粗大ごみ・不燃ごみ,破砕,,機能なし
えびの市美化センター,"[130.811111, 32.045555]",宮崎県えびの市,えびの市(宮崎県),449,99,無し,99,粗大ごみ・不燃ごみ,破砕,,機能なし
門川町粗大ごみ破砕処理施設,"[131.646469, 32.470913]",宮崎県東臼杵郡門川町,門川町(宮崎県),0,0,無し,0,粗大ごみ・不燃ごみ,併用,,機能なし
鹿児島市粗大ごみ処理施設,"[130.557022, 31.596861]",鹿児島県鹿児島市,鹿児島市(鹿児島県),6158,907.09,無し,907.09,粗大ごみ,破砕,,機能なし
川内クリーンセンター,"[141.849731, 43.255219]",北海道三笠市川内,薩摩川内市(鹿児島県),3267,658,無し,658,粗大ごみ・不燃ごみ・資源ごみ,併用,,機能なし
日置市クリーン・リサイクルセンター,"[130.40239, 31.633722]",鹿児島県日置市,日置市(鹿児島県),1141,436,無し,436,粗大ごみ・不燃ごみ,併用,,展示・譲渡
曽於市クリーンセンター,"[131.019165, 31.65361]",鹿児島県曽於市,曽於市(鹿児島県),1735,172,無し,172,粗大ごみ・不燃ごみ,破砕,,機能なし
串木野環境センター,"[135.587494, 33.665939]",和歌山県田辺市串,いちき串木野市(鹿児島県),912,181,無し,181,粗大ごみ・不燃ごみ,併用,,販売
大口リサイクルプラザ,"[141.888824, 39.37051]",岩手県大槌町大ケ口,伊佐市(鹿児島県),611,160,無し,160,粗大ごみ・不燃ごみ・資源ごみ,併用,,機能なし
さつま町クリーンセンター,"[130.45578, 31.905766]",鹿児島県さつま町,さつま町(鹿児島県),493,,無し,,粗大ごみ・不燃ごみ,併用,,機能なし
屋久島クリーンサポートセンター,"[130.651108, 30.390165]",鹿児島県屋久島,屋久島町(鹿児島県),581,119,無し,119,粗大ごみ・不燃ごみ,併用,,機能なし
与論町リサイクルセンター,"[128.421631, 27.044947]",鹿児島県大島郡与論町,与論町(鹿児島県),137,,無し,,粗大ごみ・不燃ごみ・その他・資源ごみ,圧縮,,機能なし
指宿広域クリーンセンター,"[130.633057, 31.252777]",鹿児島県指宿市,指宿広域市町村圏組合(鹿児島県),656,408,無し,408,粗大ごみ・不燃ごみ・混合（未分別）ごみ・資源ごみ,併用,,機能なし
名瀬クリーンセンター,"[129.4832, 28.330383]",鹿児島県奄美市名瀬,大島地区衛生組合(鹿児島県),3596,591,無し,591,粗大ごみ・不燃ごみ,併用,,機能なし
沖永良部クリーンセンター,"[140.466461, 40.745602]",青森県鶴田町沖,沖永良部衛生管理組合(鹿児島県),539,504,無し,504,粗大ごみ・不燃ごみ・資源ごみ,併用,,機能なし
北薩広域行政事務組合リサイクルセンター,"[141.340973, 43.090778]",北海道札幌市北区,北薩広域行政事務組合(鹿児島県),1205,375,無し,375,粗大ごみ・不燃ごみ,併用,,機能なし
種子島清掃センター,"[136.762207, 36.724594]",石川県津幡町種,種子島地区広域事務組合(鹿児島県),627,107,無し,107,粗大ごみ・不燃ごみ・資源ごみ,併用,,機能なし
徳之島愛ランドクリーンセンター,"[129.018616, 27.726667]",鹿児島県大島郡徳之島町,徳之島愛ランド広域連合(鹿児島県),157,106,無し,106,粗大ごみ,併用,,機能なし
浦添市クリーンセンター,"[127.72184, 26.245716]",沖縄県浦添市,浦添市(沖縄県),1014,81,無し,81,粗大ごみ・不燃ごみ,併用,,機能なし
名護市粗大ごみ処理場(容器包装プラスチック・PETボトル中間処理施設),"[127.977501, 26.591667]",沖縄県名護市,名護市(沖縄県),2403,2403,無し,2403,資源ごみ,圧縮,,機能なし
竹富町リサイクルセンター,"[124.088974, 24.326866]",沖縄県竹富町,竹富町(沖縄県),65,,無し,,粗大ごみ・不燃ごみ・その他,併用,,機能なし
金武地区消防衛生組合金武地区清掃センター,"[130.302185, 33.520981]",福岡県福岡市西区金武,金武地区消防衛生組合(沖縄県),114,,無し,,粗大ごみ・不燃ごみ,破砕,,機能なし
東部環境美化センター,"[139.490707, 36.010334]",埼玉県川島町東部,南部広域行政組合(沖縄県),437,,無し,,粗大ごみ,併用,,機能なし
島尻環境美化センター,"[139.887054, 35.67345]",千葉県市川市島尻,南部広域行政組合(沖縄県),656,294,無し,294,粗大ごみ,破砕,,機能なし
那覇・南風原クリーンセンター,"[127.679108, 26.212374]",沖縄県那覇市,那覇市・南風原町環境施設組合(沖縄県),1810.27,1507.54,無し,1507.54,粗大ごみ・不燃ごみ,破砕,,機能なし
