都道府県名,地方公共団体名,施設名称,年間処理量,資源回収量,処理対象廃棄物,処理方式,施設の改廃,産業廃棄物の搬入の有無,リユース・リペア機能・内容,
北海道,札幌市,札幌市発寒破砕工場,16763,1200,粗大ごみ・不燃ごみ・可燃ごみ・資源ごみ,併用,,有り,修理
北海道,札幌市,札幌市篠路清掃工場併設粗大ごみ破砕工場,10858,723,粗大ごみ・不燃ごみ・可燃ごみ,破砕,,有り,機能なし
北海道,札幌市,札幌市駒岡清掃工場併設粗大ごみ破砕工場,16751,1778,粗大ごみ・不燃ごみ・可燃ごみ・資源ごみ,併用,,有り,機能なし
北海道,札幌市,（仮称）札幌市新駒岡清掃工場併設粗大ごみ破砕工場,,,粗大ごみ・不燃ごみ・可燃ごみ・資源ごみ,併用,新設（建設中）,有り,機能なし
北海道,函館市,函館市南茅部クリーンセンター,0,0,粗大ごみ・不燃ごみ・資源ごみ,併用,休止,無し,機能なし
北海道,函館市,函館市恵山クリーンセンターリサイクル施設,0,0,粗大ごみ・不燃ごみ・資源ごみ,併用,休止,無し,機能なし
北海道,釧路市,粗大ごみ処理センター,6091,1070,粗大ごみ・不燃ごみ,併用,,無し,機能なし
北海道,北見市,北見市廃棄物処理場リサイクルプラザ,2562,533,粗大ごみ・不燃ごみ・資源ごみ,併用,,無し,機能なし
北海道,北見市,北見市常呂町一般廃棄物処理センター,251,27,粗大ごみ・不燃ごみ,併用,,無し,機能なし
北海道,岩見沢市,いわみざわ環境クリーンプラザ　リサイクル施設(破砕選別ライン),2278,564,粗大ごみ・不燃ごみ,破砕,,無し,修理・販売
北海道,網走市,網走市廃棄物処理場（破砕施設）,4101,39,粗大ごみ・不燃ごみ・その他,破砕,,無し,譲渡
北海道,苫小牧市,苫小牧沼ノ端クリーンセンター破砕施設,5557.27,743,粗大ごみ・不燃ごみ,破砕,,無し,機能なし
北海道,江別市,江別市環境クリーンセンター(不燃・粗大ごみ処理施設),2770,218,粗大ごみ・不燃ごみ,破砕,,無し,機能なし
北海道,根室市,根室市ごみ埋立処理場,1013,,粗大ごみ・不燃ごみ・資源ごみ,破砕,,有り,機能なし
北海道,千歳市,千歳市破砕処理場,6191,781,粗大ごみ・不燃ごみ・資源ごみ,破砕,,有り,機能なし
北海道,登別市,クリンクルセンター,1235,154,粗大ごみ・不燃ごみ,破砕,,無し,修理・展示・販売
北海道,恵庭市,恵庭市ごみ処理場破砕処理施設,0,0,混合（未分別）ごみ,破砕,休止,無し,機能なし
北海道,北広島市,北広島市資源リサイクルセンター(粗大ごみ破砕選別施設分),207,119,粗大ごみ・混合（未分別）ごみ,併用,,無し,機能なし
北海道,石狩市,石狩市北石狩衛生センター粗大ごみ処理施設,3335,277,粗大ごみ・不燃ごみ・その他,併用,,無し,機能なし
北海道,北斗市,北斗市ごみ破砕処理施設リサイクリーンほくと,1490,1498,粗大ごみ・不燃ごみ・資源ごみ,破砕,,無し,機能なし
北海道,八雲町,八雲町リサイクルセンター,839,439,粗大ごみ・不燃ごみ・資源ごみ,破砕,,無し,機能なし
北海道,蘭越町,蘭越町粗大ごみ処理施設,155,10,粗大ごみ・資源ごみ,破砕,休止,無し,機能なし
北海道,倶知安町,倶知安町清掃センター,837,93,粗大ごみ・不燃ごみ,併用,,無し,機能なし
北海道,余市町,余市町クリーンセンター,261,49,粗大ごみ,破砕,,無し,機能なし
北海道,鷹栖町,鷹栖町リサイクルセンター2号棟,209,187,粗大ごみ,破砕,,無し,機能なし
北海道,上富良野町,上富良野町クリーンセンター,179,36,粗大ごみ,併用,,無し,機能なし
北海道,小平町,小平町一般廃棄物最終処分場埋立前処理施設,0,0,粗大ごみ,破砕,休止,無し,機能なし
北海道,中頓別町,中頓別町一般廃棄物埋立処理施設(破砕機),35,12,粗大ごみ・資源ごみ,破砕,,無し,機能なし
北海道,浦河町,浦河町クリーンプラザ,156,20,粗大ごみ・不燃ごみ,併用,,無し,機能なし
北海道,様似町,様似町クリーンセンター　粗大ごみ処理施設,71,,粗大ごみ・不燃ごみ・資源ごみ,破砕,,無し,機能なし
北海道,新得町,一般廃棄物中間処理施設,0,0,粗大ごみ・不燃ごみ,破砕,廃止,無し,機能なし
北海道,白糠町,白糠町クリーンセンター,475,121,粗大ごみ,破砕,,無し,機能なし
北海道,別海町,別海町ごみ処理場,711,311,粗大ごみ・不燃ごみ,併用,,無し,機能なし
北海道,中標津町,中標津町一般廃棄物処理施設,819,88,粗大ごみ・不燃ごみ,破砕,,無し,機能なし
北海道,北しりべし廃棄物処理広域連合,北しりべし広域クリーンセンター,4920,296,粗大ごみ・不燃ごみ,併用,,無し,機能なし
北海道,南空知公衆衛生組合,馬追クリーンセンター,1934,459,粗大ごみ・不燃ごみ,破砕,,無し,機能なし
北海道,岩内地方衛生組合,岩内地方清掃センター,1233,211,粗大ごみ・不燃ごみ,併用,,無し,機能なし
北海道,北部桧山衛生センター組合,北部桧山衛生センター組合ごみ破砕処理施設,1714,,粗大ごみ・不燃ごみ・資源ごみ,併用,,有り,機能なし
北海道,羽幌町外2町村衛生施設組合,きらりサイクル工房,387,67,粗大ごみ・不燃ごみ,併用,,無し,機能なし
北海道,南十勝複合事務組合,南十勝環境衛生センター,573,19,粗大ごみ,破砕,,無し,機能なし
北海道,中空知衛生施設組合,リサイクルプラザ,2108,,粗大ごみ・不燃ごみ,併用,,無し,機能なし
北海道,十勝圏複合事務組合,くりりんセンター,13160,1450,粗大ごみ・不燃ごみ・資源ごみ,併用,,有り,機能なし
北海道,南部桧山衛生処理組合,南部桧山清掃センター,2046,174,粗大ごみ・不燃ごみ・資源ごみ,併用,,無し,機能なし
北海道,渡島西部広域事務組合,渡島西部衛生センターごみ再生処理施設,646,310,粗大ごみ・不燃ごみ,破砕,,無し,機能なし
北海道,日高中部衛生施設組合,日高中部環境センター,1058,139,粗大ごみ・不燃ごみ,破砕,,無し,機能なし
北海道,愛別町外3町塵芥処理組合,愛別町外3町塵芥処理組合富沢衛生センター,2236,326,粗大ごみ・不燃ごみ,破砕,,有り,修理・譲渡
北海道,西いぶり広域連合,西胆振地域廃棄物広域処理施設,7221,1121,粗大ごみ・不燃ごみ,破砕,,無し,機能なし
北海道,南部後志衛生施設組合,南後志清掃センター,375,214,粗大ごみ・不燃ごみ・その他,併用,,無し,機能なし
北海道,大雪清掃組合,しらかば清掃センター,1418,297,粗大ごみ・不燃ごみ,併用,,無し,機能なし
北海道,平取町外2町衛生施設組合,平取町外2町衛生施設組合清掃センター第2工場(破砕),420,190,粗大ごみ・不燃ごみ,破砕,,無し,機能なし
北海道,留萌南部衛生組合,留萌南部衛生組合資源化施設,484,108,粗大ごみ・その他・混合（未分別）ごみ,併用,,無し,機能なし
北海道,西紋別地区環境衛生施設組合,西紋別地区広域ごみ処理センター,566,147,粗大ごみ・不燃ごみ・資源ごみ,併用,,無し,機能なし
青森県,青森市,青森市清掃工場,1492,0,粗大ごみ・不燃ごみ,破砕,,無し,機能なし
青森県,三沢市,三沢市粗大ごみ処理施設,1089,322,粗大ごみ・不燃ごみ,併用,,無し,機能なし
青森県,黒石地区清掃施設組合,環境管理センター粗大ごみ処理施設,3662,533,粗大ごみ・不燃ごみ,併用,,無し,機能なし
青森県,三戸地区環境整備事務組合,三戸地区粗大ごみ処理施設,799,186,粗大ごみ・不燃ごみ,破砕,,無し,機能なし
青森県,十和田地域広域事務組合,十和田地域広域事務組合十和田粗大ごみ処理施設,2156,604,粗大ごみ・不燃ごみ・資源ごみ,併用,,無し,機能なし
岩手県,盛岡市,粗大ごみ処理施設,6355,1095,粗大ごみ・不燃ごみ,併用,,無し,機能なし
岩手県,花巻市,花巻市清掃センター粗大ごみ処理施設,1080,322,粗大ごみ・不燃ごみ,併用,,無し,機能なし
岩手県,北上市,北上市清掃事業所3号棟,1051,270.91,不燃ごみ,破砕,,無し,機能なし
岩手県,遠野市,遠野市清養園クリーンセンター廃棄物再生利用施設,577,263,粗大ごみ・不燃ごみ,併用,,無し,機能なし
岩手県,陸前高田市,陸前高田市粗大ごみ処理施設,210,,不燃ごみ・資源ごみ,破砕,,無し,機能なし
岩手県,八幡平市,粗大ごみ処理施設,773,300,粗大ごみ・不燃ごみ,併用,,無し,機能なし
岩手県,二戸地区広域行政事務組合,二戸地区クリーンセンター,1493,496,粗大ごみ・不燃ごみ・資源ごみ,併用,,無し,機能なし
岩手県,岩手・玉山環境組合,粗大ごみ処理施設,382,163,粗大ごみ・不燃ごみ,併用,,無し,機能なし
岩手県,久慈広域連合,久慈地区粗大ごみ処理場,985,402,粗大ごみ・不燃ごみ,併用,,無し,機能なし
岩手県,一関地区広域行政組合,一関清掃センターごみ焼却施設粗大ごみ処理施設(前処理用),575,0,粗大ごみ,破砕,,無し,機能なし
岩手県,一関地区広域行政組合,大東清掃センター粗大ごみ処理施設,1620,1279,粗大ごみ・不燃ごみ・資源ごみ,併用,,無し,機能なし
岩手県,奥州金ケ崎行政事務組合,胆江地区衛生センター,1950,182,粗大ごみ・不燃ごみ,併用,,無し,譲渡
岩手県,岩手沿岸南部広域環境組合,岩手沿岸南部クリーンセンター,730,128,粗大ごみ・不燃ごみ・可燃ごみ,破砕,,無し,機能なし
岩手県,滝沢・雫石環境組合,滝沢清掃センター,1903.55,,粗大ごみ,破砕,,有り,機能なし
宮城県,仙台市,葛岡粗大ごみ処理施設,16794,2607,粗大ごみ,併用,,無し,機能なし
宮城県,仙台市,今泉粗大ごみ処理施設,13652,82.57,粗大ごみ,破砕,,無し,機能なし
宮城県,気仙沼市,気仙沼市粗大ごみ処理場,2351,871,粗大ごみ・不燃ごみ・資源ごみ,併用,,無し,機能なし
宮城県,登米市,登米市環境事業所クリーンセンター（新）,3622,629,粗大ごみ・不燃ごみ,破砕,,無し,機能なし
宮城県,栗原市,栗原市クリーンセンター粗大ごみ処理施設,1852,258,粗大ごみ・不燃ごみ,併用,,無し,機能なし
宮城県,富谷市,富谷市清掃センター粗大ごみ処理施設,811,118,粗大ごみ・資源ごみ,併用,,無し,機能なし
宮城県,黒川地域行政事務組合,環境管理センター,1163,557,粗大ごみ・不燃ごみ・資源ごみ,併用,,無し,機能なし
宮城県,亘理名取共立衛生処理組合,亘理清掃センター,420,330,粗大ごみ・資源ごみ,併用,,無し,機能なし
宮城県,亘理名取共立衛生処理組合,岩沼東部環境センター,2917,759,粗大ごみ・資源ごみ,併用,,無し,機能なし
宮城県,宮城東部衛生処理組合,宮城東部衛生処理センター粗大ごみ処理施設,1983,247,粗大ごみ・不燃ごみ,破砕,,無し,機能なし
宮城県,仙南地域広域行政事務組合,仙南地域広域行政事務組合仙南リサイクルセンター,490,,粗大ごみ・不燃ごみ・資源ごみ,併用,,無し,機能なし
宮城県,大崎地域広域行政事務組合,大崎広域リサイクルセンター,4662.89,2726,粗大ごみ・不燃ごみ・資源ごみ,併用,,無し,展示・譲渡
秋田県,秋田市,秋田市第2リサイクルプラザ,587.09,389.55,粗大ごみ・不燃ごみ,破砕,,無し,機能なし
秋田県,秋田市,秋田市総合環境センター前処理破砕処理施設,3396.96,,粗大ごみ・可燃ごみ,破砕,,無し,機能なし
秋田県,大館市,大館市粗大ごみ処理場,3313,135,粗大ごみ・不燃ごみ,破砕,,無し,機能なし
秋田県,由利本荘市,清掃事業所焼却施設,1968,446,粗大ごみ・不燃ごみ・資源ごみ,併用,,無し,機能なし
秋田県,潟上市,潟上市クリーンセンター粗大ごみ処理施設,881,344,粗大ごみ・不燃ごみ,併用,,無し,機能なし
秋田県,北秋田市,北秋田市クリーンリサイクルセンター,0,0,不燃ごみ・資源ごみ,併用,,無し,機能なし
秋田県,北秋田市上小阿仁村生活環境施設組合,破砕施設,227,0,粗大ごみ・可燃ごみ,破砕,,無し,機能なし
秋田県,能代山本広域市町村圏組合,能代山本広域市町村圏組合北部粗大ごみ処理工場,1207,,粗大ごみ・不燃ごみ,併用,,無し,機能なし
秋田県,大曲仙北広域市町村圏組合,大曲仙北広域北部ごみ処理センター　粗大ごみ処理施設,685,199,粗大ごみ・不燃ごみ・可燃ごみ・資源ごみ,併用,,無し,機能なし
秋田県,鹿角広域行政組合,鹿角ごみ処理場　破砕処理場,,,粗大ごみ・不燃ごみ・混合（未分別）ごみ・可燃ごみ・資源ごみ,破砕,新設（建設中）,無し,機能なし
秋田県,八郎湖周辺清掃事務組合,八郎湖周辺クリーンセンターリサイクル施設,870,163,粗大ごみ・不燃ごみ・可燃ごみ,破砕,,無し,機能なし
山形県,東根市外二市一町共立衛生処理組合,東根市外二市一町共立衛生処理組合粗大ごみ処理施設,2074,621,粗大ごみ・不燃ごみ,破砕,,無し,機能なし
山形県,東根市外二市一町共立衛生処理組合,東根市外二市一町共立衛生処理組合ごみ焼却前処理施設,229,,可燃ごみ,破砕,,無し,機能なし
山形県,山形広域環境事務組合,立谷川リサイクルセンター,3482,1198,粗大ごみ・不燃ごみ,併用,,無し,機能なし
山形県,置賜広域行政事務組合,置賜広域行政事務組合長井クリーンセンター粗大ごみ処理施設,3445,871,粗大ごみ・不燃ごみ,併用,,無し,機能なし
山形県,西村山広域行政事務組合,西村山広域行政事務組合寒河江地区クリーンセンター粗大ごみ処理施設,692,359,粗大ごみ・不燃ごみ,併用,,無し,機能なし
山形県,酒田地区広域行政組合,酒田地区広域行政組合粗大ごみ処理施設,2271,274,粗大ごみ,併用,,無し,機能なし
福島県,福島市,あらかわクリーンセンター資源化工場,6508,1948,粗大ごみ・不燃ごみ・資源ごみ,併用,,無し,修理・展示・販売・譲渡
福島県,郡山市,郡山市河内クリーンセンター,2238,,粗大ごみ・不燃ごみ,併用,,無し,機能なし
福島県,郡山市,郡山市富久山クリーンセンター,8036.85,6139.43,粗大ごみ・不燃ごみ・資源ごみ,併用,,無し,機能なし
福島県,いわき市,山田粗大ごみ処理施設,0,0,粗大ごみ・資源ごみ,破砕,廃止,無し,機能なし
福島県,南相馬市,クリーン原町センター,1532,456,粗大ごみ・不燃ごみ・資源ごみ,破砕,,無し,機能なし
福島県,伊達地方衛生処理組合,伊達地方衛生処理組合清掃センター粗大ごみ処理施設,0,0,粗大ごみ,併用,,無し,機能なし
福島県,伊達地方衛生処理組合,伊達地方衛生処理組合粗大ごみ処理施設,5033,,粗大ごみ・不燃ごみ・資源ごみ,併用,,無し,機能なし
福島県,会津若松地方広域市町村圏整備組合,環境センター粗大ごみ破砕処理施設,3660,257,粗大ごみ・不燃ごみ,破砕,,有り,機能なし
福島県,石川地方生活環境施設組合,石川地方粗大ごみ処理施設,1768,1189,粗大ごみ・不燃ごみ・資源ごみ,併用,,無し,機能なし
福島県,田村広域行政組合,田村東部環境センター,852,,粗大ごみ・不燃ごみ・資源ごみ,併用,,無し,機能なし
福島県,白河地方広域市町村圏整備組合,西白河地方リサイクルプラザ,5758,3209,粗大ごみ・不燃ごみ・その他・資源ごみ,併用,,無し,修理・譲渡
福島県,喜多方地方広域市町村圏組合,粗大ごみ処理施設,1661,337,粗大ごみ・不燃ごみ・資源ごみ,破砕,,無し,機能なし
福島県,安達地方広域行政組合,もとみやクリーンセンター(粗大),1358,327,粗大ごみ・不燃ごみ・可燃ごみ・資源ごみ,併用,,無し,機能なし
福島県,双葉地方広域市町村圏組合,双葉地方広域市町村圏組合南部衛生センター粗大ごみ処理施設,510,291,粗大ごみ・不燃ごみ・資源ごみ,併用,,無し,機能なし
福島県,南会津地方環境衛生組合,東部クリーンセンター,801,321,粗大ごみ・不燃ごみ・その他・混合（未分別）ごみ,破砕,,無し,機能なし
茨城県,水戸市,水戸市清掃工場（リサイクルセンター）,3788,889,粗大ごみ・不燃ごみ,圧縮,,無し,機能なし
茨城県,日立市,日立市清掃センター,2146,531,粗大ごみ・不燃ごみ・資源ごみ,併用,,無し,機能なし
茨城県,土浦市,土浦市清掃センター,1727,829,粗大ごみ・不燃ごみ・資源ごみ,併用,,無し,機能なし
茨城県,笠間市,笠間市環境センター,1646,779,粗大ごみ・不燃ごみ・資源ごみ,併用,,無し,機能なし
茨城県,つくば市,リサイクルセンター,4854,1127,粗大ごみ・不燃ごみ,併用,,無し,展示・譲渡
茨城県,ひたちなか市,ひたちなか市資源リサイクルセンター,2299,1077,粗大ごみ・不燃ごみ,併用,,無し,修理
茨城県,鹿嶋市,鹿嶋市立衛生センターリサイクル施設,4868,1088,粗大ごみ・不燃ごみ,併用,,有り,機能なし
茨城県,潮来市,潮来クリーンセンター,808,171,粗大ごみ・不燃ごみ,併用,,無し,機能なし
茨城県,行方市,行方市環境美化センター粗大ごみ処理施設,942,535,粗大ごみ・不燃ごみ・資源ごみ,併用,,無し,修理・展示・販売
茨城県,城里町,城里町環境センター,442,74,粗大ごみ,破砕,,無し,機能なし
茨城県,東海村,東海村清掃センター,0,0,,併用,,無し,機能なし
茨城県,阿見町,阿見町霞クリーンセンター,1874,640,粗大ごみ・不燃ごみ・資源ごみ,併用,,無し,機能なし
茨城県,大宮地方環境整備組合,大宮地方環境整備組合(環境センター・粗大ごみ処理施設),2422,1048,粗大ごみ・資源ごみ,併用,,無し,機能なし
茨城県,龍ケ崎地方塵芥処理組合,くりーんプラザ・龍,1404,612,粗大ごみ・不燃ごみ,圧縮,,無し,機能なし
茨城県,大洗、鉾田、水戸環境組合,大洗、鉾田、水戸環境組合クリーンセンター,692,456,粗大ごみ・不燃ごみ・混合（未分別）ごみ・可燃ごみ,併用,,無し,機能なし
茨城県,江戸崎地方衛生土木組合,江戸崎地方衛生土木組合圧縮施設,167,,不燃ごみ,圧縮,,無し,機能なし
茨城県,江戸崎地方衛生土木組合,江戸崎地方衛生土木組合破砕施設,3809,,粗大ごみ,破砕,,無し,機能なし
茨城県,筑西広域市町村圏事務組合,筑西広域市町村圏事務組合環境センター,3131,1069,粗大ごみ・不燃ごみ,併用,,無し,機能なし
茨城県,霞台厚生施設組合,霞台厚生施設組合環境センター,,,粗大ごみ・不燃ごみ・資源ごみ,併用,廃止,,機能なし
茨城県,霞台厚生施設組合,霞台厚生施設組合リサイクルセンター,2727,2154,粗大ごみ・不燃ごみ・資源ごみ,併用,新設（新規稼働）,無し,機能なし
茨城県,下妻地方広域事務組合,ごみ処理施設「クリーンポート・きぬ」,1530.41,,粗大ごみ・不燃ごみ,併用,,無し,機能なし
栃木県,宇都宮市,クリーンパーク茂原リサイクルプラザ,3439,1146.23,粗大ごみ,破砕,,無し,修理・展示・販売
栃木県,足利市,足利市南部クリーンセンター（粗大ごみ処理施設）,1348,1151,粗大ごみ・不燃ごみ,破砕,,無し,機能なし
栃木県,栃木市,とちぎクリーンプラザ　リサイクルプラザ,941,680,粗大ごみ,破砕,,無し,修理・展示・販売
栃木県,佐野市,葛生清掃センター,554,316,粗大ごみ・不燃ごみ,破砕,,無し,機能なし
栃木県,佐野市,佐野市みかもクリーンセンター,1545,486,粗大ごみ・不燃ごみ,併用,,無し,修理・展示・販売・譲渡
栃木県,鹿沼市,環境クリーンセンター(粗大ごみ処理施設),2621,1071,粗大ごみ・不燃ごみ・資源ごみ,併用,,無し,機能なし
栃木県,那須塩原市,那須塩原クリーンセンター,956,386,粗大ごみ・不燃ごみ,破砕,,無し,機能なし
栃木県,南那須地区広域行政事務組合,保健衛生センター,750,360,粗大ごみ・不燃ごみ・資源ごみ,併用,,無し,機能なし
栃木県,塩谷広域行政組合,エコパークしおや,1097.95,0,粗大ごみ,破砕,,無し,機能なし
栃木県,小山広域保健衛生組合,小山広域保健衛生組合リサイクルセンター粗大ごみ処理ライン,4918,1359,粗大ごみ・不燃ごみ・その他,破砕,,無し,修理・展示・販売
群馬県,前橋市,前橋市荻窪清掃工場,6909,3004,粗大ごみ・不燃ごみ・資源ごみ,併用,,無し,機能なし
群馬県,前橋市,前橋市富士見クリーンステーション,1026,719,粗大ごみ・不燃ごみ・資源ごみ,併用,,無し,機能なし
群馬県,高崎市,高浜クリーンセンター粗大ごみ処理施設,6687,1635,粗大ごみ・不燃ごみ,併用,,無し,機能なし
群馬県,高崎市,吉井クリーンセンター粗大ごみ処理施設,778,120,粗大ごみ・不燃ごみ・資源ごみ,併用,,無し,機能なし
群馬県,桐生市,桐生市清掃センター粗大ごみ処理施設,5142,1711,粗大ごみ・不燃ごみ・その他・資源ごみ,併用,,無し,機能なし
群馬県,伊勢崎市,伊勢崎市清掃リサイクルセンター21,5621,1832,粗大ごみ・不燃ごみ・資源ごみ,併用,,無し,機能なし
群馬県,藤岡市,藤岡市清掃センター粗大ごみ破砕施設,1702,385,粗大ごみ・不燃ごみ,併用,,無し,修理・展示・販売
群馬県,安中市,碓氷川クリーンセンター粗大ごみ処理施設,990,511,粗大ごみ・不燃ごみ,併用,,無し,機能なし
群馬県,みなかみ町,奥利根アメニティパークリサイクルプラザ,1491,774,粗大ごみ・不燃ごみ・資源ごみ,併用,,無し,譲渡
群馬県,館林衛生施設組合,いたくらリサイクルセンター,1660,1406,粗大ごみ・不燃ごみ・資源ごみ,破砕,,無し,機能なし
群馬県,吾妻東部衛生施設組合,吾妻東部衛生センター粗大ごみ処理施設,902,665,粗大ごみ・不燃ごみ・その他・資源ごみ,併用,,無し,機能なし
群馬県,西吾妻環境衛生施設組合,西吾妻環境衛生センタ-粗大ごみ・不燃ごみ処理施設,657,211,粗大ごみ・不燃ごみ,併用,,無し,機能なし
群馬県,渋川地区広域市町村圏振興整備組合,渋川地区広域圏清掃センター粗大ごみ処理施設,2268,669,粗大ごみ・不燃ごみ,併用,,無し,機能なし
群馬県,太田市外三町広域清掃組合,太田市外三町広域清掃組合リサイクルプラザ,9221,5341,粗大ごみ・不燃ごみ・その他・資源ごみ,併用,,無し,修理・展示・販売
埼玉県,さいたま市,さいたま市クリーンセンター大崎第二工場,7004,1854,粗大ごみ・不燃ごみ,併用,,無し,機能なし
埼玉県,さいたま市,さいたま市西部環境センター,6139,991,粗大ごみ・不燃ごみ,併用,,無し,機能なし
埼玉県,さいたま市,さいたま市桜環境センター,6717,1802,粗大ごみ・不燃ごみ,併用,,無し,機能なし
埼玉県,川口市,川口市戸塚環境センター,5555.87,1138.22,粗大ごみ,破砕,,無し,機能なし
埼玉県,行田市,行田市粗大ごみ処理場,5225,411,粗大ごみ・不燃ごみ・その他,破砕,,無し,機能なし
埼玉県,所沢市,所沢市東部クリーンセンターリサイクルプラザ不燃・粗大ごみ処理施設,6719,1327,粗大ごみ・不燃ごみ,破砕,,無し,機能なし
埼玉県,飯能市,飯能市クリーンセンター,1317,0,粗大ごみ・不燃ごみ・資源ごみ,破砕,,無し,機能なし
埼玉県,加須市,加須クリーンセンター粗大ごみ処理施設,2137,1272,粗大ごみ・不燃ごみ,破砕,,無し,機能なし
埼玉県,春日部市,春日部市クリーンセンター,4042,985,粗大ごみ・不燃ごみ,破砕,,無し,機能なし
埼玉県,狭山市,狭山市奥富環境センター(旧名称：狭山市第一環境センター),4206,,粗大ごみ・不燃ごみ,併用,,無し,修理・展示・販売・譲渡
埼玉県,羽生市,羽生市粗大ごみ処理施設,2537,425,粗大ごみ・不燃ごみ,併用,,無し,機能なし
埼玉県,上尾市,上尾市西貝塚環境センター,1503.33,512.77,粗大ごみ・不燃ごみ・資源ごみ,併用,,無し,機能なし
埼玉県,入間市,入間市総合クリーンセンター,4374,728,粗大ごみ・不燃ごみ,破砕,,無し,機能なし
埼玉県,入間市,入間市清掃事業所,,,粗大ごみ・資源ごみ,圧縮,休止,無し,機能なし
埼玉県,朝霞市,朝霞市粗大ごみ処理施設,2787.42,1944.55,粗大ごみ・不燃ごみ,破砕,,無し,機能なし
埼玉県,和光市,和光市清掃センター,3637,2327.19,粗大ごみ・不燃ごみ・その他・資源ごみ,併用,,無し,機能なし
埼玉県,桶川市,桶川市粗大ごみ処理施設,739,167,粗大ごみ・不燃ごみ,破砕,,無し,機能なし
埼玉県,三郷市,三郷市不燃物処理場,886,357,粗大ごみ・不燃ごみ・資源ごみ,破砕,,無し,機能なし
埼玉県,坂戸市,坂戸市東清掃センター粗大ごみ処理施設,2913,611,粗大ごみ・不燃ごみ,併用,,無し,機能なし
埼玉県,幸手市,幸手市ひばりヶ丘桜泉園,1435,340,粗大ごみ・不燃ごみ,併用,,無し,機能なし
埼玉県,吉川市,吉川市環境センター粗大ごみ処理施設,1907,890,粗大ごみ・不燃ごみ・資源ごみ,併用,,無し,機能なし
埼玉県,蓮田白岡衛生組合,蓮田白岡衛生組合粗大ごみ処理施設,2322,879,粗大ごみ・不燃ごみ・資源ごみ,併用,,無し,修理・展示・販売・譲渡
埼玉県,久喜宮代衛生組合,久喜宮代清掃センター30t／5h粗大ごみ処理施設,1223,404,粗大ごみ・不燃ごみ・その他,破砕,,無し,機能なし
埼玉県,久喜宮代衛生組合,菖蒲清掃センター粗大ごみ処理施設,333,57.04,粗大ごみ・不燃ごみ,破砕,,無し,機能なし
埼玉県,久喜宮代衛生組合,八甫清掃センター粗大ごみ処理施設,1483,666,粗大ごみ・不燃ごみ・資源ごみ,併用,,無し,機能なし
埼玉県,志木地区衛生組合,富士見環境センター粗大ごみ・ビン処理施設,4987,1248,粗大ごみ・不燃ごみ,破砕,,無し,修理・展示・販売
埼玉県,蕨戸田衛生センター組合,蕨戸田衛生センター粗大ごみ処理施設,3741,824,粗大ごみ・不燃ごみ,併用,,無し,機能なし
埼玉県,児玉郡市広域市町村圏組合,児玉郡市広域市町村圏組合立小山川クリーンセンター,3583,879,粗大ごみ・不燃ごみ,併用,,無し,機能なし
埼玉県,埼玉中部環境保全組合,埼玉中部環境センター(粗大ごみ処理施設),1709,328,粗大ごみ・不燃ごみ,併用,,有り,機能なし
千葉県,千葉市,新浜リサイクルセンター,14069.69,2149.19,粗大ごみ・不燃ごみ,併用,,無し,機能なし
千葉県,銚子市,銚子市清掃センター(粗大ごみ処理施設),0,0,粗大ごみ・不燃ごみ,併用,廃止,無し,機能なし
千葉県,市川市,市川市クリーンセンター(不燃・粗大ごみ処理施設),5152,1696,粗大ごみ・不燃ごみ,併用,,無し,機能なし
千葉県,船橋市,船橋市西浦資源リサイクル施設,7863.8,1696.34,粗大ごみ・不燃ごみ,破砕,,無し,機能なし
千葉県,木更津市,木更津市クリーンセンター,2846,627,粗大ごみ・不燃ごみ,併用,,有り,機能なし
千葉県,松戸市,松戸市日暮クリーンセンター,9494,4877,粗大ごみ・不燃ごみ,圧縮,,無し,機能なし
千葉県,旭市,旭市クリーンセンター粗大ごみ処理施設,,,,,廃止,,
千葉県,柏市,柏市清掃工場粗大ごみ処理施設,8287,599,粗大ごみ・不燃ごみ,破砕,,無し,機能なし
千葉県,市原市,市原市福増クリーンセンター第一粗大ごみ処理施設,221,,粗大ごみ,併用,,無し,機能なし
千葉県,市原市,市原市福増クリーンセンター第二粗大ごみ処理施設,8621,2889,粗大ごみ・不燃ごみ・資源ごみ,併用,,無し,機能なし
千葉県,流山市,流山市クリーンセンターリサイクルプラザ・リサイクル館,9612,3800,粗大ごみ・不燃ごみ・その他・資源ごみ,併用,,無し,修理・展示・販売
千葉県,八千代市,八千代市粗大ごみ処理施設,1247,94,粗大ごみ,併用,,無し,機能なし
千葉県,我孫子市,我孫子市粗大ごみ処理施設,1627,355,粗大ごみ・不燃ごみ,併用,,無し,機能なし
千葉県,君津市,君津市粗大ごみ処理施設,0,0,粗大ごみ,併用,休止,無し,機能なし
千葉県,浦安市,浦安市クリーンセンター(ごみ処理施設),3768,914,粗大ごみ・不燃ごみ,併用,,無し,機能なし
千葉県,四街道市,四街道市クリーンセンター粗大ごみ処理施設,2276,270,粗大ごみ・不燃ごみ,併用,,無し,機能なし
千葉県,袖ケ浦市,袖ヶ浦市クリーンセンター粗大ごみ処理施設,2921,1835,粗大ごみ・不燃ごみ・その他・資源ごみ,併用,,無し,機能なし
千葉県,佐倉市、酒々井町清掃組合,酒々井リサイクル文化センター粗大ごみ処理施設,6016,2650,粗大ごみ・不燃ごみ・資源ごみ,併用,,無し,機能なし
千葉県,東金市外三市町清掃組合,東金市外三市町環境クリーンセンター(粗大ごみ処理施設),2058,691,粗大ごみ・不燃ごみ,破砕,,無し,機能なし
千葉県,匝瑳市ほか二町環境衛生組合,粗大ごみ処理施設,0,0,粗大ごみ,破砕,廃止,無し,機能なし
千葉県,安房郡市広域市町村圏事務組合,粗大ごみ処理施設,967,410,粗大ごみ,併用,,無し,機能なし
千葉県,長生郡市広域市町村圏組合,環境衛生センターごみ処理場,6296,2326,粗大ごみ・不燃ごみ・資源ごみ,併用,,無し,機能なし
千葉県,香取広域市町村圏事務組合,粗大ごみ処理施設,0,787,粗大ごみ・不燃ごみ,破砕,休止,無し,機能なし
千葉県,印西地区環境整備事業組合,印西クリーンセンター,2730,837,粗大ごみ・不燃ごみ,併用,,無し,機能なし
東京都,立川市,立川市総合リサイクルセンター,9781,7485,粗大ごみ・不燃ごみ・その他・資源ごみ,圧縮,,無し,修理・展示・販売
東京都,武蔵野市,武蔵野クリーンセンター,1672,716.81,粗大ごみ・不燃ごみ,破砕,,無し,機能なし
東京都,青梅市,青梅市リサイクルセンター(破砕選別処理施設),10270,8264,粗大ごみ・不燃ごみ・その他・資源ごみ,併用,,無し,修理・展示・販売
東京都,昭島市,昭島市環境コミュニケーションセンター,2666,1254,粗大ごみ・不燃ごみ,破砕,,無し,修理・展示・譲渡
東京都,町田市,町田リサイクル文化センター,8104,1620,粗大ごみ・不燃ごみ,破砕,廃止,無し,機能なし
東京都,町田市,町田市バイオエネルギーセンター,2241,469,粗大ごみ・不燃ごみ,破砕,新設（新規稼働）,無し,修理・展示・販売
東京都,小金井市,小金井市中間処理場,4754,2960,粗大ごみ・不燃ごみ,併用,,無し,機能なし
東京都,日野市,日野市クリーンセンター粗大ごみ処理施設,0,0,粗大ごみ・不燃ごみ,破砕,休止,無し,機能なし
東京都,国分寺市,国分寺市清掃センター,6878,4782,粗大ごみ・不燃ごみ・資源ごみ,併用,,無し,修理・販売・譲渡
東京都,国立市,国立市環境センター,5826,5826,粗大ごみ・不燃ごみ・その他・資源ごみ,併用,,無し,機能なし
東京都,福生市,福生市リサイクルセンター,2796,1825,粗大ごみ・不燃ごみ・その他・資源ごみ,併用,,無し,修理・展示・販売
東京都,羽村市,羽村市リサイクルセンター,2657,1633,粗大ごみ・不燃ごみ・資源ごみ,併用,,無し,修理・展示・販売・譲渡
東京都,大島町,大島町粗大ごみ処理施設,221,200,粗大ごみ・資源ごみ,併用,,無し,機能なし
東京都,新島村,新島村金属圧縮処理場,0,,その他,圧縮,休止,無し,機能なし
東京都,神津島村,神津島村粗大ゴミ処理場,613,12,粗大ごみ・不燃ごみ・その他,併用,,無し,機能なし
東京都,柳泉園組合,柳泉園組合粗大ごみ処理施設,8004,682,粗大ごみ・不燃ごみ,破砕,,無し,機能なし
東京都,多摩川衛生組合,クリーンセンター多摩川,3088,443,粗大ごみ・不燃ごみ,併用,,無し,機能なし
東京都,小平・村山・大和衛生組合,不燃・粗大ごみ処理施設,5511,1177,粗大ごみ・不燃ごみ,併用,,無し,機能なし
東京都,多摩ニュータウン環境組合,多摩清掃工場,4693,1127,粗大ごみ・不燃ごみ,併用,,無し,修理・販売
東京都,東京二十三区清掃一部事務組合,東京二十三区清掃一部事務組合粗大ごみ破砕処理施設,86937.53,12509,粗大ごみ・不燃ごみ・その他,破砕,,有り,機能なし
神奈川県,横浜市,鶴見資源化センター,3775,,粗大ごみ・可燃ごみ,破砕,,無し,機能なし
神奈川県,横浜市,資源循環局保土ケ谷工場,0,0,粗大ごみ・可燃ごみ,破砕,休止,無し,機能なし
神奈川県,横浜市,資源循環局都筑工場,6970.24,,粗大ごみ・可燃ごみ,破砕,,無し,機能なし
神奈川県,横浜市,資源循環局旭工場,5634.66,,粗大ごみ・可燃ごみ,破砕,,無し,機能なし
神奈川県,川崎市,浮島処理センター粗大ごみ処理施設,7452,,粗大ごみ・資源ごみ,併用,,無し,機能なし
神奈川県,川崎市,王禅寺処理センター資源化処理施設,8267,,粗大ごみ・資源ごみ,併用,,無し,機能なし
神奈川県,相模原市,相模原市北清掃工場粗大ごみ処理施設,4827,1146,粗大ごみ,破砕,,無し,機能なし
神奈川県,横須賀市,横須賀ごみ処理施設,5966,889,粗大ごみ・不燃ごみ,破砕,,無し,機能なし
神奈川県,平塚市,粗大ごみ破砕処理場,5215,726,粗大ごみ・不燃ごみ,併用,,無し,機能なし
神奈川県,鎌倉市,鎌倉市今泉クリーンセンター,193,,粗大ごみ,破砕,,無し,機能なし
神奈川県,鎌倉市,鎌倉市名越クリーンセンター,286,,粗大ごみ,破砕,,無し,機能なし
神奈川県,鎌倉市,鎌倉市今泉クリーンセンター,63,63,粗大ごみ,圧縮,,無し,機能なし
神奈川県,鎌倉市,鎌倉市名越クリーンセンター,95,95,粗大ごみ,圧縮,,無し,機能なし
神奈川県,藤沢市,リサイクルプラザ藤沢,10873,1534,粗大ごみ・不燃ごみ,併用,,無し,機能なし
神奈川県,小田原市,小田原市リサイクルセンター(不燃性粗大ごみ処理施設),3621,3072,粗大ごみ・不燃ごみ,圧縮,,無し,機能なし
神奈川県,茅ヶ崎市,茅ヶ崎市粗大ごみ処理施設,7948,1245,粗大ごみ・不燃ごみ,破砕,,無し,機能なし
神奈川県,逗子市,逗子市清掃センターじん芥処理場,930,225,粗大ごみ・不燃ごみ,併用,,無し,機能なし
神奈川県,厚木市,厚木市環境センター,1296,643,粗大ごみ・不燃ごみ,破砕,,無し,機能なし
神奈川県,大和市,大和市環境管理センター,2102,940,粗大ごみ・不燃ごみ,併用,,無し,機能なし
神奈川県,南足柄市,南足柄市清掃工場,291.02,,粗大ごみ・可燃ごみ,破砕,,無し,機能なし
神奈川県,葉山町,葉山町クリ-ンセンタ-(不燃物処理施設),403,275,粗大ごみ・不燃ごみ・資源ごみ,併用,,無し,機能なし
神奈川県,箱根町,箱根町環境センター清掃第1清掃プラント粗大ごみ処理施設,1710,264,粗大ごみ・不燃ごみ・可燃ごみ・資源ごみ,破砕,,無し,機能なし
神奈川県,愛川町,愛川町美化プラント,1342,431,粗大ごみ・不燃ごみ・資源ごみ,併用,,無し,機能なし
神奈川県,秦野市伊勢原市環境衛生組合,伊勢原清掃工場,26,26,粗大ごみ・不燃ごみ,圧縮,,無し,機能なし
神奈川県,秦野市伊勢原市環境衛生組合,伊勢原清掃工場,2155,1386,粗大ごみ・不燃ごみ,併用,,無し,機能なし
神奈川県,秦野市伊勢原市環境衛生組合,伊勢原清掃工場,0,,粗大ごみ,破砕,休止,無し,機能なし
神奈川県,高座清掃施設組合,高座クリーンセンターマテリアルリサイクル施設,2735,315,粗大ごみ・不燃ごみ,破砕,,無し,機能なし
神奈川県,湯河原町真鶴町衛生組合,湯河原町真鶴町衛生組合粗大ごみ処理施設,697,497,粗大ごみ・不燃ごみ・資源ごみ,併用,,無し,機能なし
神奈川県,足柄東部清掃組合,中井美化センター,479,348,粗大ごみ・不燃ごみ・資源ごみ,併用,,無し,機能なし
神奈川県,足柄西部清掃組合,足柄西部環境センター,325,170,粗大ごみ・不燃ごみ・資源ごみ,併用,,無し,機能なし
神奈川県,足柄西部清掃組合,足柄西部環境センター(切断式破砕設備),20,0,粗大ごみ,破砕,,無し,機能なし
神奈川県,厚木愛甲環境施設組合,（仮称）厚木愛甲地域ごみ中間処理施設,0,0,粗大ごみ,破砕,新設（建設中）,無し,機能なし
新潟県,新潟市,新潟市亀田清掃センター粗大ごみ処理施設,7238,1039,粗大ごみ・不燃ごみ・資源ごみ,併用,,無し,機能なし
新潟県,新潟市,新潟市鎧潟クリーンセンター粗大ごみ処理施設,1092,,粗大ごみ,破砕,,無し,機能なし
新潟県,長岡市,鳥越クリーンセンター粗大ごみ処理施設,5844,666,粗大ごみ・不燃ごみ,併用,,無し,機能なし
新潟県,三条市,三条市清掃センターリサイクル設備,861,420,粗大ごみ・不燃ごみ,併用,,無し,機能なし
新潟県,柏崎市,クリーンセンターかしわざき粗大ごみ処理施設,1507,333,粗大ごみ・不燃ごみ,破砕,,無し,機能なし
新潟県,十日町市,可燃性粗大ごみ処理施設(焼却場内併用),552,,粗大ごみ・可燃ごみ,破砕,,無し,機能なし
新潟県,村上市,村上市ごみ処理場　粗大処理施設(エコパークむらかみ),1750,326.9,粗大ごみ・不燃ごみ・可燃ごみ・資源ごみ,破砕,,有り,機能なし
新潟県,妙高市,あらい再資源センター,400,256,粗大ごみ・不燃ごみ・資源ごみ,併用,,無し,修理・展示・譲渡
新潟県,佐渡市,佐渡クリーンセンター粗大ごみ処理施設,2615,1215,粗大ごみ・不燃ごみ・資源ごみ,併用,,無し,機能なし
新潟県,魚沼市,エコプラント魚沼,1214,228,粗大ごみ・不燃ごみ・可燃ごみ・資源ごみ,併用,,無し,機能なし
新潟県,南魚沼市,環境衛生センター不燃ごみ処理施設,1587.57,907.89,粗大ごみ・不燃ごみ・その他・資源ごみ,併用,,有り,機能なし
新潟県,津南地域衛生施設組合,津南地域衛生施設組合粗大ごみ処理施設,48,48,資源ごみ,併用,,無し,機能なし
新潟県,燕・弥彦総合事務組合,燕・弥彦総合事務組合環境センター粗大ごみ処理施設,1623,701,粗大ごみ・不燃ごみ・可燃ごみ・資源ごみ,併用,,無し,機能なし
新潟県,豊栄郷清掃施設処理組合,豊栄環境センター,0,,粗大ごみ・不燃ごみ,破砕,廃止,無し,機能なし
新潟県,新発田地域広域事務組合,新発田広域不燃物処理場,1566.72,,粗大ごみ・不燃ごみ,併用,,無し,機能なし
新潟県,五泉地域衛生施設組合,不燃物処理センター,1651,1306,不燃ごみ,圧縮,,無し,機能なし
富山県,氷見市,氷見市不燃物処理センター,898,109,不燃ごみ,破砕,,有り,機能なし
富山県,砺波広域圏事務組合,クリーンセンターとなみごみ処理施設(粗大ごみ処理施設),1645,276,粗大ごみ・不燃ごみ・その他・資源ごみ,併用,,無し,機能なし
富山県,新川広域圏事務組合,新川広域圏事務組合宮沢清掃センター,7047,738,粗大ごみ・不燃ごみ,破砕,,無し,機能なし
富山県,富山地区広域圏事務組合,富山地区広域圏リサイクルセンター,8588,4706,粗大ごみ・不燃ごみ・資源ごみ,圧縮,,無し,修理・展示・販売・譲渡
福井県,敦賀市,敦賀市清掃センター,2939.78,543.95,粗大ごみ,破砕,,無し,展示
福井県,福井坂井地区広域市町村圏事務組合,清掃センター,14333,1853,粗大ごみ・不燃ごみ・資源ごみ,破砕,,無し,機能なし
福井県,大野・勝山地区広域行政事務組合,大野・勝山地区広域行政事務組合ごみ処理施設,1223,530,粗大ごみ・不燃ごみ・その他,破砕,,無し,修理・展示・譲渡
福井県,南越清掃組合,第2清掃センター,4846,1697,粗大ごみ・不燃ごみ・可燃ごみ・資源ごみ,併用,,無し,修理・展示・販売
福井県,鯖江広域衛生施設組合,鯖江広域衛生施設組合　鯖江クリーンセンター　粗大ごみ処理施設,5316,,粗大ごみ・不燃ごみ,破砕,,無し,機能なし
山梨県,富士河口湖町,富士河口湖町じん芥処理場,1098,304,粗大ごみ・不燃ごみ・資源ごみ,併用,,無し,展示・譲渡
山梨県,大月都留広域事務組合,リサイクルプラザ(不燃・粗大ごみ処理施設),1752,463,粗大ごみ・不燃ごみ,併用,,無し,修理
山梨県,中巨摩地区広域事務組合,中巨摩地区広域事務組合清掃センター,2150,721,粗大ごみ・不燃ごみ,破砕,,無し,機能なし
山梨県,峡北広域行政事務組合,峡北広域環境衛生センター,1694,675,粗大ごみ・不燃ごみ,圧縮,,無し,機能なし
山梨県,甲府・峡東地域ごみ処理施設事務組合,甲府・峡東クリーンセンター(リサイクル棟),4203,,粗大ごみ・不燃ごみ・可燃ごみ・資源ごみ,破砕,,無し,機能なし
長野県,須坂市,須坂市粗大ごみ処理施設,439,224,粗大ごみ・不燃ごみ,併用,,無し,機能なし
長野県,小諸市,クリーンヒルこもろ,527,131,粗大ごみ・不燃ごみ,併用,,無し,機能なし
長野県,軽井沢町,軽井沢町じん芥処理場,407,188,粗大ごみ・不燃ごみ・資源ごみ,併用,,無し,機能なし
長野県,川西保健衛生施設組合,川西保健衛生施設組合川西一般廃棄物最終処分場,53,26,粗大ごみ・不燃ごみ,破砕,,無し,機能なし
長野県,上伊那広域連合,クリーンセンター八乙女,2142,539,粗大ごみ・不燃ごみ,併用,,無し,機能なし
長野県,松塩地区広域施設組合,松本クリーンセンター(リサイクルプラザ),2407,134,粗大ごみ・不燃ごみ,併用,,無し,機能なし
長野県,南諏衛生施設組合,南諏衛生センター　　粗大ごみ処理施設,694,487,粗大ごみ・不燃ごみ,併用,廃止,無し,機能なし
岐阜県,岐阜市,掛洞プラント,0,0,粗大ごみ・不燃ごみ・混合（未分別）ごみ,破砕,休止,無し,機能なし
岐阜県,岐阜市,東部クリーンセンター,8745,1140,粗大ごみ,併用,新設（新規稼働）,無し,修理・展示・譲渡
岐阜県,高山市,高山市資源リサイクルセンター破砕施設,1275.24,0,粗大ごみ,破砕,,無し,機能なし
岐阜県,中津川市,中津川粗大不燃施設,3577,573,粗大ごみ・不燃ごみ,併用,,無し,修理・展示・販売
岐阜県,各務原市,各務原市北清掃センター,3347.34,473.06,粗大ごみ・不燃ごみ,破砕,,有り,機能なし
岐阜県,山県市,山県市クリーンセンター,395,113,粗大ごみ・不燃ごみ,破砕,,無し,機能なし
岐阜県,大野町,大野町可燃性粗大ごみ焼却施設プレス機,0,,資源ごみ,圧縮,休止,無し,機能なし
岐阜県,北方町,北方町リサイクルセンターリサイクル棟,653,434,粗大ごみ・不燃ごみ・資源ごみ,併用,,無し,機能なし
岐阜県,中濃地域広域行政事務組合,クリーンプラザ中濃粗大ごみ処理施設,4058,664,粗大ごみ・不燃ごみ,併用,,無し,機能なし
岐阜県,西南濃粗大廃棄物処理組合,西南濃粗大廃棄物処理センター,6726,1629,粗大ごみ・不燃ごみ,併用,,無し,機能なし
静岡県,静岡市,沼上資源循環センター　　粗大ごみ資源化棟,8575,1000,粗大ごみ・不燃ごみ,破砕,,無し,機能なし
静岡県,浜松市,浜松市平和破砕処理センター,10764,1978,粗大ごみ・不燃ごみ,併用,,無し,機能なし
静岡県,浜松市,浜松市浜北清掃センター(切断機),0,0,粗大ごみ,破砕,休止,無し,機能なし
静岡県,浜松市,（仮）浜松市新破砕処理センター,0,0,粗大ごみ・不燃ごみ,破砕,新設（建設中）,無し,機能なし
静岡県,沼津市,沼津市清掃プラント破砕処理施設,1200,,粗大ごみ・不燃ごみ・可燃ごみ・資源ごみ,破砕,,無し,機能なし
静岡県,熱海市,廃棄物再生利用施設(破砕・選別施設),656,307,粗大ごみ・資源ごみ,併用,,無し,機能なし
静岡県,三島市,三島市粗大ごみ処理施設,1694,505,粗大ごみ・不燃ごみ・その他・資源ごみ,併用,,無し,機能なし
静岡県,富士宮市,富士宮市清掃センター,3286,1034,粗大ごみ・不燃ごみ・可燃ごみ・資源ごみ,破砕,,無し,機能なし
静岡県,伊東市,伊東市御石ヶ沢清掃工場破砕施設,143,7.6,粗大ごみ・不燃ごみ,破砕,,無し,機能なし
静岡県,伊東市,伊東市御石ヶ沢清掃工場圧縮施設,496.83,417.3,粗大ごみ・不燃ごみ,圧縮,,無し,機能なし
静岡県,伊東市,伊東市御石ヶ沢清掃工場圧縮施設,327.77,275.3,粗大ごみ・不燃ごみ,圧縮,,無し,機能なし
静岡県,裾野市,裾野市美化センター,293,0,粗大ごみ・資源ごみ,併用,,無し,機能なし
静岡県,湖西市,湖西市環境センター,1785,244,粗大ごみ・不燃ごみ・可燃ごみ,併用,,無し,機能なし
静岡県,函南町,函南町リサイクルプラザ,1414,248,粗大ごみ・不燃ごみ・資源ごみ,併用,,無し,修理
静岡県,牧之原市御前崎市広域施設組合,牧之原市御前崎市広域施設組合粗大ごみ処理施設,348,348,資源ごみ,破砕,,無し,機能なし
静岡県,東河環境センター,エコクリーンセンター東河,366,277,粗大ごみ・不燃ごみ・可燃ごみ,破砕,,無し,機能なし
静岡県,中遠広域事務組合,中遠広域粗大ごみ処理施設,3303,1129,粗大ごみ・不燃ごみ・資源ごみ,併用,,無し,機能なし
静岡県,志太広域事務組合,一色清掃工場,0,0,粗大ごみ,破砕,休止,無し,機能なし
静岡県,掛川市・菊川市衛生施設組合,環境資源ギャラリー,3379,1168,粗大ごみ・不燃ごみ・可燃ごみ,併用,,無し,機能なし
愛知県,名古屋市,名古屋市愛岐処分場小規模破砕設備,644,,粗大ごみ,破砕,,無し,機能なし
愛知県,名古屋市,名古屋市大江破砕工場,26322.19,1492.86,粗大ごみ・不燃ごみ,破砕,,無し,機能なし
愛知県,豊橋市,豊橋市資源化センター(再利用施設),15755,1574,粗大ごみ・不燃ごみ・その他・可燃ごみ,併用,,有り,機能なし
愛知県,一宮市,尾西粗大ごみ処理施設,0,0,粗大ごみ・不燃ごみ・資源ごみ,圧縮,休止,無し,機能なし
愛知県,一宮市,一宮市リサイクルセンター,6922,623,粗大ごみ・不燃ごみ,破砕,,無し,機能なし
愛知県,半田市,半田市粗大ごみ処理施設,2584,,粗大ごみ・不燃ごみ,破砕,,無し,機能なし
愛知県,春日井市,春日井市クリーンセンター粗大ごみ処理施設,1626.39,166.63,粗大ごみ・不燃ごみ・その他,破砕,,無し,機能なし
愛知県,犬山市,犬山市都市美化センター,1315,291,粗大ごみ・不燃ごみ,破砕,,無し,機能なし
愛知県,稲沢市,稲沢市環境センター,2996,431,粗大ごみ・不燃ごみ,併用,,無し,機能なし
愛知県,東海市,東海市清掃センター,1148,266,粗大ごみ・不燃ごみ・資源ごみ,併用,,無し,機能なし
愛知県,知多市,知多市清掃センター,2819,429,粗大ごみ・不燃ごみ,破砕,,無し,機能なし
愛知県,田原市,【名称変更】東部資源化センター,764,,粗大ごみ,破砕,,無し,機能なし
愛知県,東部知多衛生組合,東部知多クリーンセンター粗大ごみ処理施設,1961,733,粗大ごみ・不燃ごみ,併用,,無し,機能なし
愛知県,衣浦衛生組合,衣浦衛生組合クリーンセンター衣浦,8565,822,粗大ごみ・不燃ごみ,併用,,無し,機能なし
愛知県,常滑武豊衛生組合,常滑武豊衛生組合クリーンセンター粗大ごみ処理施設,506,166,粗大ごみ・不燃ごみ,併用,廃止,無し,機能なし
愛知県,尾張東部衛生組合,尾張東部衛生組合晴丘センター粗大ごみ処理施設,3580,933,粗大ごみ・不燃ごみ,破砕,,無し,機能なし
愛知県,海部地区環境事務組合,海部地区環境事務組合八穂クリーンセンター,9873,858,粗大ごみ・不燃ごみ・可燃ごみ,併用,,無し,修理・展示・販売
愛知県,小牧岩倉衛生組合,小牧岩倉衛生組合環境センターごみ破砕施設,4768,562,粗大ごみ・不燃ごみ,併用,,無し,機能なし
愛知県,知多南部衛生組合,知多南部クリーンセンター(リサイクルプラザ),910,206,粗大ごみ・不燃ごみ・資源ごみ,破砕,,無し,修理・譲渡
愛知県,刈谷知立環境組合,刈谷知立環境組合クリーンセンター,4255,977,粗大ごみ,併用,,無し,修理・展示・販売
愛知県,江南丹羽環境管理組合,江南丹羽環境管理組合粗大ごみ処理施設,1836,58,粗大ごみ,破砕,,無し,機能なし
愛知県,知多南部広域環境組合,知多南部広域環境センター,334.59,60.43,粗大ごみ・不燃ごみ,破砕,新設（建設中）・新設（新規稼働）,無し,機能なし
三重県,四日市市,粗大ごみ処理施設(破砕処理),56.09,0,粗大ごみ・可燃ごみ,破砕,廃止,無し,機能なし
三重県,四日市市,四日市市クリーンセンター,4010,31,粗大ごみ・不燃ごみ・その他,破砕,,無し,機能なし
三重県,松阪市,松阪市クリーンセンター,2777,0,粗大ごみ・不燃ごみ,併用,,無し,機能なし
三重県,鈴鹿市,鈴鹿市不燃物リサイクルセンター,0,0,粗大ごみ・不燃ごみ・資源ごみ,破砕,休止,無し,機能なし
三重県,尾鷲市,尾鷲市清掃工場,132,,粗大ごみ,併用,,無し,機能なし
三重県,亀山市,亀山市破砕粗大ごみ処理施設,601,264,粗大ごみ・資源ごみ,破砕,,有り,機能なし
三重県,亀山市,亀山市適正処理困難物二軸破砕施設,3298,,粗大ごみ・不燃ごみ・可燃ごみ,破砕,,有り,機能なし
三重県,志摩市,志摩市志摩清掃センター粗大ゴミ処理施設,0,0,粗大ごみ・不燃ごみ,併用,休止,無し,機能なし
三重県,南伊勢町,クリーンセンターなんとう,174,123,粗大ごみ・不燃ごみ・可燃ごみ,併用,,無し,機能なし
三重県,伊賀南部環境衛生組合,伊賀南部クリーンセンター,2453,450,粗大ごみ・不燃ごみ,破砕,,有り,機能なし
三重県,香肌奥伊勢資源化広域連合,香肌奥伊勢資源化プラザリサイクルプラザ(粗大ごみ処理施設),260,168,粗大ごみ・不燃ごみ,破砕,,無し,機能なし
三重県,鳥羽志勢広域連合,やまだエコセンター　リサイクルセンター,521.79,260.08,粗大ごみ・不燃ごみ,破砕,,無し,機能なし
三重県,伊勢広域環境組合,粗大ごみ処理施設,4259,2206,粗大ごみ・不燃ごみ,破砕,,無し,機能なし
滋賀県,大津市,大津市北部クリーンセンター破砕処理施設,2807,644,粗大ごみ・不燃ごみ・資源ごみ,併用,廃止,無し,機能なし
滋賀県,大津市,大津市環境美化センター破砕処理施設,2473,515,粗大ごみ・不燃ごみ,破砕,,無し,機能なし
滋賀県,彦根市,彦根市清掃センター,2050,486,粗大ごみ,併用,,無し,機能なし
滋賀県,近江八幡市,近江八幡市環境エネルギーセンター,1619,302,粗大ごみ・不燃ごみ,破砕,,無し,機能なし
滋賀県,守山市,守山市環境センターリサイクル施設,803,173,粗大ごみ・不燃ごみ,破砕,新設（新規稼働）,無し,機能なし
滋賀県,栗東市,栗東市環境センター,1355,264,粗大ごみ・不燃ごみ・資源ごみ,破砕,,無し,機能なし
滋賀県,湖南市,湖南市リサイクルプラザ,566,406,粗大ごみ・不燃ごみ・資源ごみ,併用,,無し,機能なし
滋賀県,高島市,高島市環境センター,1287,897,粗大ごみ・不燃ごみ・資源ごみ,併用,,無し,修理・展示・販売
滋賀県,湖北広域行政事務センター,湖北広域行政事務センタークリーンプラント,4925,939,粗大ごみ・不燃ごみ,破砕,,無し,機能なし
滋賀県,湖北広域行政事務センター,湖北広域行政事務センター伊香クリーンプラザ,0,0,粗大ごみ・不燃ごみ,破砕,休止,無し,機能なし
滋賀県,中部清掃組合,粗大ごみ処理施設,2161,592,粗大ごみ・不燃ごみ・資源ごみ,併用,,無し,機能なし
京都府,京都市,京都市東北部クリーンセンター破砕施設,10104.2,28.13,粗大ごみ,破砕,,無し,機能なし
京都府,京都市,京都市南部クリーンセンター（選別資源化施設）,13604.7062771922,998.58,粗大ごみ,破砕,,無し,機能なし
京都府,福知山市,木材処理設備,619,,粗大ごみ・可燃ごみ,破砕,,有り,機能なし
京都府,京丹後市,大型破砕機(ガラパゴス),561,561,粗大ごみ,破砕,,無し,機能なし
京都府,城南衛生管理組合,城南衛生管理組合奥山リユースセンター粗大ごみ処理施設,0,0,粗大ごみ・不燃ごみ,併用,休止,無し,機能なし
京都府,城南衛生管理組合,城南衛生管理組合リサイクルセンター長谷山,12473,933.47,粗大ごみ・不燃ごみ・その他,併用,,無し,機能なし
京都府,相楽東部広域連合,相楽東部クリーンセンター,0,0,粗大ごみ・不燃ごみ,併用,休止,無し,機能なし
大阪府,堺市,堺市クリーンセンター東工場第一破砕施設,4928.38,446.24,粗大ごみ,併用,,無し,機能なし
大阪府,堺市,堺市クリーンセンター東工場第二破砕施設,5865.43,,粗大ごみ,併用,,無し,機能なし
大阪府,堺市,堺市クリーンセンター臨海工場破砕施設,4715.32,0,粗大ごみ,併用,,無し,機能なし
大阪府,池田市,粗大ごみ不燃物処理施設,2810,,粗大ごみ・資源ごみ,併用,,無し,機能なし
大阪府,吹田市,吹田市破砕選別工場,16004,8528,粗大ごみ・不燃ごみ・その他・資源ごみ,併用,,無し,機能なし
大阪府,高槻市,エネルギーセンター第三工場,2930,362.43,粗大ごみ・不燃ごみ,破砕,,無し,機能なし
大阪府,枚方市,穂谷川清掃工場粗大ごみ処理施設,0,,粗大ごみ・不燃ごみ,破砕,休止,無し,機能なし
大阪府,枚方市,東部清掃工場粗大ごみ破砕処理施設,7591,,粗大ごみ・不燃ごみ,破砕,,無し,機能なし
大阪府,茨木市,環境衛生センター　粗大ごみ処理施設,0,,粗大ごみ,破砕,,無し,機能なし
大阪府,寝屋川市,寝屋川市クリーンセンター破砕施設,5583,699.1,粗大ごみ・不燃ごみ,破砕,,無し,機能なし
大阪府,箕面市,箕面市環境クリーンセンター,7394,719,粗大ごみ・不燃ごみ,破砕,,無し,機能なし
大阪府,門真市,粗大ごみ処理施設,1682,378,粗大ごみ,破砕,,無し,機能なし
大阪府,島本町,粗大ごみ処理施設,1331,679,粗大ごみ・不燃ごみ・資源ごみ,破砕,,無し,機能なし
大阪府,忠岡町,忠岡町クリーンセンター粗大ごみ破砕処理施設,308,0,粗大ごみ,破砕,,無し,機能なし
大阪府,熊取町,熊取町環境センター,1730,196,粗大ごみ・不燃ごみ・資源ごみ,併用,,無し,展示・譲渡
大阪府,豊中市伊丹市クリーンランド,豊中市伊丹市クリーンランドリサイクルプラザ,8307.51,947,粗大ごみ・不燃ごみ・資源ごみ,併用,,無し,機能なし
大阪府,泉北環境整備施設組合,泉北クリーンセンター粗大ごみ処理施設,4479.83,633.88,粗大ごみ・不燃ごみ,破砕,,無し,譲渡
大阪府,柏羽藤環境事業組合,柏羽藤クリーンセンター,4611,608.17,粗大ごみ・不燃ごみ,併用,,無し,機能なし
大阪府,泉佐野市田尻町清掃施設組合,泉佐野市田尻町清掃施設組合第二事業所,4234,493,粗大ごみ・不燃ごみ・資源ごみ,破砕,,無し,機能なし
大阪府,東大阪都市清掃施設組合,第四工場破砕設備,0,0,粗大ごみ,破砕,,無し,機能なし
大阪府,東大阪都市清掃施設組合,粗大ごみ処理施設,6802,1250,粗大ごみ,併用,,無し,機能なし
大阪府,四條畷市交野市清掃施設組合,リサイクル施設(粗大系),1654.24,386,粗大ごみ・不燃ごみ,破砕,,無し,機能なし
大阪府,岸和田市貝塚市清掃施設組合,不燃性粗大ごみ回転式破砕処理施設,1140.1,669.57,粗大ごみ・不燃ごみ,圧縮,,無し,機能なし
大阪府,岸和田市貝塚市清掃施設組合,可燃性粗大ごみせん断式破砕処理施設,1149.77,,粗大ごみ・可燃ごみ,破砕,,無し,機能なし
大阪府,南河内環境事業組合,南河内環境事業組合第1清掃工場,8542,160,粗大ごみ,併用,,無し,機能なし
大阪府,南河内環境事業組合,南河内環境事業組合第2清掃工場,3069,210,粗大ごみ,併用,,無し,機能なし
大阪府,泉南清掃事務組合,泉南清掃事務組合　泉南清掃工場,1014,98,粗大ごみ・不燃ごみ,破砕,,無し,機能なし
大阪府,大阪広域環境施設組合,舞洲工場,8230,1648,粗大ごみ,破砕,,無し,機能なし
兵庫県,神戸市,布施畑環境センター破砕選別施設,26955.87,3617.83,粗大ごみ・不燃ごみ,破砕,,無し,機能なし
兵庫県,姫路市,家島美化センター,1310,,粗大ごみ・不燃ごみ,破砕,,無し,機能なし
兵庫県,姫路市,エコパークあぼし,8623.28,5317.81,粗大ごみ・不燃ごみ・資源ごみ,破砕,,無し,機能なし
兵庫県,尼崎市,資源リサイクルセンター　破砕施設,5413,704,粗大ごみ・不燃ごみ・資源ごみ,併用,,無し,展示・譲渡
兵庫県,明石市,大久保清掃工場,0,,粗大ごみ・可燃ごみ,破砕,休止,無し,機能なし
兵庫県,明石市,明石クリーンセンター破砕選別施設,7453,710,粗大ごみ・不燃ごみ,併用,,有り,機能なし
兵庫県,西宮市,西部総合処理センター破砕選別施設,13022,3206,粗大ごみ・不燃ごみ,破砕,,無し,修理・展示・譲渡
兵庫県,芦屋市,環境処理センター,399,45,粗大ごみ,破砕,,無し,機能なし
兵庫県,加古川市,リサイクルセンター,4655,592,粗大ごみ・不燃ごみ,併用,,無し,機能なし
兵庫県,赤穂市,粗大ごみ処理施設,2325,791,粗大ごみ・不燃ごみ・資源ごみ,併用,,無し,機能なし
兵庫県,宝塚市,粗大ごみ処理棟,4490,334,粗大ごみ・不燃ごみ,破砕,,無し,機能なし
兵庫県,三木市,清掃センター,3480,494,粗大ごみ・不燃ごみ,併用,,有り,機能なし
兵庫県,三田市,クリーンセンター粗大ごみ処理施設,2165.14,1078.12,粗大ごみ・不燃ごみ,破砕,,無し,機能なし
兵庫県,丹波篠山市,清掃センター,888,358,粗大ごみ・不燃ごみ・資源ごみ,破砕,,無し,機能なし
兵庫県,揖龍保健衛生施設事務組合,揖龍クリーンセンター,2626,117,粗大ごみ,併用,,無し,機能なし
兵庫県,加古郡衛生事務組合,加古郡リサイクルプラザ,1901,708,粗大ごみ・不燃ごみ・資源ごみ,併用,,無し,修理・展示・販売・譲渡
兵庫県,淡路広域行政事務組合,粗大ごみ処理場,2337,550,粗大ごみ・不燃ごみ・資源ごみ,併用,,無し,機能なし
兵庫県,小野加東加西環境施設事務組合,粗大ごみ処理施設,2554,741,粗大ごみ,併用,,無し,機能なし
兵庫県,くれさか環境事務組合,くれさかクリーンセンター,2314,406,粗大ごみ・不燃ごみ,併用,,無し,機能なし
兵庫県,北但行政事務組合,北但ごみ処理施設,2803,,粗大ごみ・不燃ごみ,併用,,無し,機能なし
兵庫県,猪名川上流広域ごみ処理施設組合,国崎クリーンセンター(リサイクル・プラザ),4293,526,粗大ごみ・不燃ごみ,破砕,,無し,譲渡
奈良県,奈良市,奈良市環境清美工場粗大ごみ破砕処理施設,9092.73,,粗大ごみ・不燃ごみ,破砕,,無し,機能なし
奈良県,大和高田市,大和高田市粗大ごみ処理施設(破砕機),923,176,粗大ごみ,併用,,無し,機能なし
奈良県,天理市,天理市環境クリーンセンター破砕施設,1619,330,粗大ごみ・不燃ごみ,併用,,無し,機能なし
奈良県,橿原市,リサイクル館かしはら,2735,485,粗大ごみ・不燃ごみ・資源ごみ,併用,,無し,修理・展示・販売・譲渡
奈良県,桜井市,リサイクルプラザ桜井市リサイクルセンター棟,1581,87,粗大ごみ・不燃ごみ,併用,,無し,修理・展示・譲渡
奈良県,三郷町,三郷町清掃センター,465,,不燃ごみ・可燃ごみ・資源ごみ,併用,,無し,機能なし
奈良県,河合町,河合町清掃工場,374,52,粗大ごみ・不燃ごみ,破砕,,無し,機能なし
奈良県,上下北山衛生一部事務組合,上下北山クリーンセンター,267,,粗大ごみ,破砕,,無し,機能なし
奈良県,香芝・王寺環境施設組合,美濃園,1759,695,粗大ごみ・不燃ごみ・資源ごみ,併用,,無し,機能なし
奈良県,吉野広域行政組合,吉野広域行政組合吉野三町村クリーンセンター,260,60,粗大ごみ・不燃ごみ・資源ごみ,併用,,無し,機能なし
奈良県,南和広域衛生組合,南和広域美化センター,777,180,粗大ごみ・不燃ごみ・資源ごみ,破砕,,無し,機能なし
奈良県,やまと広域環境衛生事務組合,やまと広域環境衛生事務組合新ごみ処理施設,365,,不燃ごみ,破砕,,無し,機能なし
奈良県,さくら広域環境衛生組合,未定,0,0,粗大ごみ・不燃ごみ,併用,新設（建設中）,無し,機能なし
和歌山県,和歌山市,青岸エネルギーセンター,0,,粗大ごみ・不燃ごみ,破砕,休止,無し,機能なし
和歌山県,新宮市,新宮市クリーンセンター,47,47,粗大ごみ,圧縮,,無し,機能なし
和歌山県,有田周辺広域圏事務組合,有田周辺広域圏事務組合環境センター,2404,300,粗大ごみ・不燃ごみ,破砕,,無し,機能なし
鳥取県,鳥取中部ふるさと広域連合,ほうきリサイクルセンター,1448,619,粗大ごみ・不燃ごみ,破砕,,無し,展示・譲渡
島根県,松江市,エコステーション松江,1574,527,粗大ごみ・不燃ごみ,併用,,無し,機能なし
島根県,浜田市,浜田市不燃ごみ処理場,999,245,粗大ごみ・不燃ごみ,破砕,,無し,機能なし
島根県,出雲市,平田不燃物処理センター,515,151,粗大ごみ・不燃ごみ・資源ごみ,併用,,無し,機能なし
島根県,出雲市,出雲クリーンセンター,3215,782,粗大ごみ・不燃ごみ・資源ごみ,破砕,,無し,機能なし
島根県,出雲市,斐川クリーンステーション,988,180,粗大ごみ・不燃ごみ・資源ごみ,破砕,,無し,機能なし
島根県,大田市,大田市不燃物処分場,1099,278,粗大ごみ・不燃ごみ,破砕,,無し,機能なし
島根県,安来市,安来市高尾クリーンセンター,774,619,粗大ごみ,圧縮,,無し,機能なし
島根県,安来市,安来市伯太農産廃棄物処理施設,37,30,資源ごみ,圧縮,,無し,機能なし
島根県,江津市,島の星クリーンセンター,395,206,粗大ごみ・不燃ごみ,圧縮,,無し,機能なし
島根県,奥出雲町,仁多クリーンセンター,511,146,粗大ごみ・不燃ごみ・資源ごみ,併用,,無し,機能なし
島根県,海士町,海士町リサイクルセンター,104,,粗大ごみ・不燃ごみ・資源ごみ,圧縮,,無し,機能なし
島根県,邑智郡総合事務組合,邑智クリーンセンターリサイクルプラザ,475,304,粗大ごみ・不燃ごみ・資源ごみ,併用,,無し,機能なし
岡山県,岡山市,岡山市東部リサイクルプラザ,6171.88,2003.33,粗大ごみ・不燃ごみ・資源ごみ,破砕,,無し,機能なし
岡山県,岡山市,岡山市西部リサイクルプラザ,3692,2315,粗大ごみ・不燃ごみ,破砕,,無し,機能なし
岡山県,倉敷市,倉敷市東部粗大ごみ処理場,3961,801,粗大ごみ・不燃ごみ,破砕,,無し,機能なし
岡山県,玉野市,玉野市粗大ごみ処理施設,1277,,粗大ごみ・不燃ごみ・資源ごみ,併用,,無し,機能なし
岡山県,真庭市,クリーンセンターまにわリサイクルプラザ(粗大ごみライン),74,,粗大ごみ・不燃ごみ,併用,,無し,修理・展示・販売・譲渡
岡山県,岡山県西部衛生施設組合,岡山県西部衛生施設組合井笠広域資源化センター,2127,470,粗大ごみ・不燃ごみ,併用,,無し,機能なし
岡山県,岡山県中部環境施設組合,岡山県中部環境施設組合コスモスクリーンセンター粗大ごみ処理施設,389,150,粗大ごみ・不燃ごみ,破砕,,無し,機能なし
岡山県,総社広域環境施設組合,吉備路クリーンセンター,2444,715,粗大ごみ・不燃ごみ・資源ごみ,併用,,無し,機能なし
岡山県,高梁地域事務組合,高梁地域事務組合クリーンセンター,687,243,粗大ごみ・不燃ごみ,併用,,無し,機能なし
岡山県,津山圏域資源循環施設組合,津山圏域クリーンセンター,3698,809,粗大ごみ・不燃ごみ,破砕,,無し,機能なし
広島県,広島市,広島市安佐南工場大型ごみ破砕処理施設,15348,2466,粗大ごみ,破砕,,無し,機能なし
広島県,呉市,クリーンセンターくれ(ごみ破砕選別施設),9843,1334,粗大ごみ・不燃ごみ,併用,,無し,機能なし
広島県,尾道市,尾道市クリーンセンター,5795,1037,粗大ごみ・不燃ごみ・資源ごみ,併用,,無し,機能なし
広島県,尾道市,尾道市因島リサイクルセンター,685,267,粗大ごみ・資源ごみ,併用,,無し,機能なし
広島県,三次市,三次環境クリーンセンター,2507,927,粗大ごみ・不燃ごみ・その他・資源ごみ,併用,,無し,機能なし
広島県,廿日市市,廿日市市粗大ごみ処理施設(エコセンターはつかいち内),0,0,粗大ごみ,破砕,休止,無し,機能なし
広島県,廿日市市,廿日市市大野清掃センター,0,0,粗大ごみ,破砕,休止,無し,機能なし
広島県,廿日市市,廿日市市宮島粗大ごみ処理施設(宮島清掃センター内),22,,粗大ごみ,破砕,,無し,機能なし
広島県,廿日市市,はつかいちエネルギークリーンセンター,1915,361,粗大ごみ,破砕,,無し,機能なし
広島県,江田島市,江田島市環境センター(粗大),1167,222,粗大ごみ,破砕,,無し,機能なし
広島県,神石高原町,粗大ごみ処理施設,193,49,粗大ごみ・不燃ごみ・混合（未分別）ごみ・資源ごみ,破砕,,無し,機能なし
広島県,安芸地区衛生施設管理組合,安芸クリーンセンター,2679,,粗大ごみ,破砕,,無し,機能なし
広島県,三原広域市町村圏事務組合,不燃物処理工場,0,0,粗大ごみ・不燃ごみ,圧縮,休止,無し,機能なし
広島県,三原広域市町村圏事務組合,不燃物処理工場,595,595,粗大ごみ・不燃ごみ,破砕,,無し,機能なし
広島県,芸北広域環境施設組合,芸北広域きれいセンター粗大ごみ処理施設,971,964,粗大ごみ・不燃ごみ・資源ごみ,併用,,有り,機能なし
広島県,広島中央環境衛生組合,賀茂環境センター(粗大ごみ処理施設),4199,1667,粗大ごみ・不燃ごみ・その他・資源ごみ,併用,,無し,機能なし
山口県,下関市,奥山工場,11102,,粗大ごみ・可燃ごみ,破砕,,有り,機能なし
山口県,下関市,下関市リサイクルプラザ,2760,812,粗大ごみ・不燃ごみ,破砕,,無し,修理・展示・販売
山口県,下関市,クリーンセンター響,558,558,粗大ごみ・不燃ごみ,破砕,,無し,機能なし
山口県,宇部市,宇部市リサイクルプラザ(粗大ごみライン),3248,787,粗大ごみ・不燃ごみ,併用,,無し,修理・展示・販売・譲渡
山口県,萩市,大井不燃物埋立処分場,1432,194,粗大ごみ・不燃ごみ,破砕,,無し,機能なし
山口県,防府市,防府市クリーンセンターリサイクル施設,2456,871,粗大ごみ・不燃ごみ,破砕,,無し,修理・展示・譲渡
山口県,長門市,長門市清掃工場,988,206,粗大ごみ・不燃ごみ,併用,,有り,機能なし
山口県,周南市,周南市熊毛粗大ごみリサイクル施設,0,0,粗大ごみ,破砕,休止,無し,機能なし
山口県,山陽小野田市,山陽小野田市環境衛生センター,1965,245,粗大ごみ,破砕,,無し,機能なし
山口県,阿武町,阿武町リサイクルセンター,53,11,粗大ごみ・不燃ごみ・その他・資源ごみ,併用,,無し,機能なし
山口県,熊南総合事務組合,熊南総合事務組合資源活用センター,253,,粗大ごみ,併用,,無し,機能なし
山口県,周南地区衛生施設組合,恋路クリーンセンター,6043,,粗大ごみ,破砕,,無し,機能なし
徳島県,阿南市,阿南市クリーンセンター,0,0,粗大ごみ,破砕,休止,無し,機能なし
徳島県,阿南市,エコパーク阿南,1124,,粗大ごみ・不燃ごみ,破砕,,無し,機能なし
徳島県,那賀町,那賀町清掃センター,0,,粗大ごみ・不燃ごみ・資源ごみ,併用,休止,無し,機能なし
徳島県,那賀町,那賀町クリーンセンター,286,88,粗大ごみ・不燃ごみ・資源ごみ,併用,,無し,機能なし
徳島県,松茂町,松茂町第二環境センター,1027,756,粗大ごみ・不燃ごみ・資源ごみ,併用,,無し,機能なし
徳島県,美馬環境整備組合,クリーンセンター美馬,528,287,粗大ごみ・不燃ごみ・資源ごみ,併用,,無し,機能なし
徳島県,中央広域環境施設組合,中央広域環境センター,738,32,粗大ごみ・不燃ごみ,破砕,,無し,機能なし
徳島県,みよし広域連合,清掃センター,1199,363,粗大ごみ・不燃ごみ,併用,,無し,機能なし
香川県,高松市,高松市西部クリーンセンター,8058,749,粗大ごみ・不燃ごみ,併用,,無し,機能なし
愛媛県,松山市,松山市南クリーンセンター,5984.2,1194.79,粗大ごみ,併用,,無し,機能なし
愛媛県,新居浜市,新居浜市清掃センター,4163,555.89,粗大ごみ,併用,,有り,機能なし
愛媛県,西条市,西条市道前クリーンセンター,3885,1055,粗大ごみ・不燃ごみ,併用,,無し,機能なし
愛媛県,四国中央市,四国中央市クリーンセンター,3315,528,粗大ごみ・不燃ごみ,破砕,,有り,機能なし
愛媛県,愛南町,愛南町環境衛生センター,0,0,粗大ごみ・不燃ごみ・資源ごみ,併用,,無し,機能なし
愛媛県,伊予地区ごみ処理施設管理組合,伊予地区清掃センター,140,0,粗大ごみ,破砕,,無し,機能なし
愛媛県,宇和島地区広域事務組合,宇和島地区広域事務組合　環境センター,876,441,粗大ごみ・不燃ごみ,破砕,,無し,機能なし
高知県,安芸市,安芸市一般廃棄物最終処分場,1225,766,粗大ごみ・不燃ごみ,破砕,,有り,機能なし
高知県,土佐市,土佐市北原クリーンセンター粗大ごみ処理施設,877,162,粗大ごみ・不燃ごみ・資源ごみ,併用,,無し,機能なし
高知県,土佐市,土佐市北原クリーンセンター粗大ごみ圧縮機,7,7,粗大ごみ・資源ごみ,圧縮,,無し,機能なし
高知県,高吾北広域町村事務組合,高吾北清掃センター粗大ごみ処理施設,447,116,粗大ごみ・不燃ごみ,併用,,無し,機能なし
高知県,幡多広域市町村圏事務組合,幡多クリーンセンター,977,156,粗大ごみ,破砕,,無し,機能なし
高知県,幡多中央環境施設組合,幡多中央環境施設組合幡多中央環境センター,0,136,粗大ごみ・不燃ごみ・可燃ごみ・資源ごみ,併用,休止,無し,機能なし
高知県,嶺北広域行政事務組合,嶺北広域清掃センター粗大ゴミ処理工場,448,188,粗大ごみ・不燃ごみ・資源ごみ,併用,,無し,機能なし
福岡県,福岡市,福岡市東部資源化センター,9087.65,2649.98,粗大ごみ・不燃ごみ・資源ごみ,破砕,,有り,機能なし
福岡県,福岡市,福岡市西部資源化センター,16196.46,5840.03,粗大ごみ・不燃ごみ・資源ごみ,破砕,,有り,機能なし
福岡県,福岡市,福岡市西部工場粗大ごみ処理施設,,,粗大ごみ・可燃ごみ,破砕,,有り,機能なし
福岡県,福岡市,福岡市臨海工場粗大ごみ処理施設,2956.66,,粗大ごみ・可燃ごみ,破砕,,有り,機能なし
福岡県,久留米市,久留米市上津クリーンセンター,3470.81,,粗大ごみ・可燃ごみ,破砕,,無し,機能なし
福岡県,久留米市,久留米市宮ノ陣クリーンセンター,1534.51,,粗大ごみ,破砕,,無し,機能なし
福岡県,久留米市,久留米市宮ノ陣クリーンセンター,1647.7,,粗大ごみ・不燃ごみ,破砕,,無し,機能なし
福岡県,太宰府市,太宰府市環境美化センター,1575,980,粗大ごみ・不燃ごみ・その他・資源ごみ,併用,,無し,機能なし
福岡県,築上町,リサイクル施設,873,182,粗大ごみ・不燃ごみ・その他・資源ごみ,併用,,無し,機能なし
福岡県,宮若市外二町じん芥処理施設組合,泉水最終処分場,959,,粗大ごみ,併用,,無し,機能なし
福岡県,八女西部広域事務組合,八女西部クリーンセンター,451,119,粗大ごみ・不燃ごみ,併用,,無し,機能なし
福岡県,田川郡東部環境衛生施設組合,田川郡東部じん芥処理センター,826,59.8,粗大ごみ・不燃ごみ,破砕,,無し,機能なし
福岡県,行橋市・みやこ町清掃施設組合,みやこ処理場,3183,,粗大ごみ・可燃ごみ,破砕,,無し,機能なし
福岡県,須恵町外二ヶ町清掃施設組合,クリーンパークわかすぎリサイクルプラザ,3182,3182,粗大ごみ・不燃ごみ・資源ごみ,併用,,無し,機能なし
福岡県,遠賀・中間地域広域行政事務組合,遠賀・中間リレーセンター,2917,596,粗大ごみ・不燃ごみ,併用,,無し,機能なし
福岡県,筑紫野・小郡・基山清掃施設組合,クリーンヒル宝満,4770,902,粗大ごみ・不燃ごみ,併用,,無し,修理・展示・販売・譲渡
福岡県,春日大野城衛生施設組合,春日大野城リサイクルプラザ,3423,2642,粗大ごみ・不燃ごみ・資源ごみ,併用,,無し,修理・展示・販売・譲渡
福岡県,田川地区清掃施設組合,田川市川崎町清掃センター,1096,18,粗大ごみ・不燃ごみ,破砕,,無し,機能なし
福岡県,ふくおか県央環境広域施設組合,リサイクルセンター,1464,,粗大ごみ・不燃ごみ・資源ごみ,破砕,,無し,展示
福岡県,ふくおか県央環境広域施設組合,飯塚市クリーンセンターリサイクルプラザ,1793,178,粗大ごみ・不燃ごみ,併用,,無し,機能なし
福岡県,ふくおか県央環境広域施設組合,桂苑,1201,251,粗大ごみ・不燃ごみ・資源ごみ,破砕,,無し,機能なし
佐賀県,佐賀市,佐賀市移動式破砕機,71,0,粗大ごみ,併用,,無し,機能なし
佐賀県,唐津市,唐津市清掃センター,3566,1305,粗大ごみ・不燃ごみ・資源ごみ,併用,,無し,修理・展示・譲渡
佐賀県,脊振共同塵芥処理組合,脊振広域クリーンセンター,1594,668,粗大ごみ・不燃ごみ・資源ごみ,併用,,無し,機能なし
佐賀県,佐賀県西部広域環境組合,さが西部クリーンセンター,6408.09,632.68,粗大ごみ・不燃ごみ,破砕,,無し,機能なし
長崎県,長崎市,東工場粗大ごみ処理施設,0,0,粗大ごみ・不燃ごみ,併用,,無し,機能なし
長崎県,佐世保市,佐世保市西部クリーンセンター粗大・不燃物処理施設,4150,,粗大ごみ・不燃ごみ,併用,,無し,機能なし
長崎県,大村市,大村市環境センター,3639,,粗大ごみ・不燃ごみ・資源ごみ,併用,,無し,機能なし
熊本県,水俣市,水俣市環境クリーンセンター(破砕機),439,138,粗大ごみ,併用,,無し,機能なし
熊本県,天草市,牛深クリーンセンター,243,117,粗大ごみ・不燃ごみ・資源ごみ,併用,,無し,機能なし
熊本県,山都町,小峰クリーンセンター,232,58,粗大ごみ・不燃ごみ,併用,,無し,機能なし
熊本県,菊池環境保全組合,環境美化センター再資源化工場,1106,288,粗大ごみ・不燃ごみ・資源ごみ,併用,,無し,機能なし
熊本県,御船町甲佐町衛生施設組合,御船甲佐クリーンセンター,214,166,粗大ごみ,破砕,,無し,機能なし
熊本県,益城、嘉島、西原環境衛生施設組合,益城クリーンセンター,517,4,粗大ごみ,破砕,,無し,機能なし
熊本県,山鹿植木広域行政事務組合,山鹿植木広域行政事務組合リサイクルプラザ,2727,2583,粗大ごみ・資源ごみ,併用,,無し,機能なし
熊本県,人吉球磨広域行政組合,人吉球磨クリーンプラザ（リサイクル工場）,2373,900,粗大ごみ・不燃ごみ・資源ごみ,破砕,,無し,機能なし
熊本県,有明広域行政事務組合,東部環境センター,685,685,粗大ごみ・不燃ごみ,破砕,,無し,機能なし
熊本県,有明広域行政事務組合,リサイクルプラザファイブ,524,524,粗大ごみ・不燃ごみ・混合（未分別）ごみ・可燃ごみ,破砕,,無し,機能なし
熊本県,天草広域連合,本渡地区清掃センター(不燃ごみ処理施設),2658,,粗大ごみ・不燃ごみ,破砕,,無し,機能なし
熊本県,天草広域連合,松島地区清掃センター(不燃ごみ処理施設),692,,粗大ごみ・不燃ごみ,破砕,,無し,機能なし
大分県,中津市,中津市クリーンプラザ,1819,272,粗大ごみ,併用,,無し,機能なし
大分県,臼杵市,臼杵市清掃センター,1389,232,粗大ごみ・不燃ごみ・混合（未分別）ごみ・可燃ごみ・資源ごみ,破砕,,無し,機能なし
大分県,豊後大野市,豊後大野市清掃センター,953,333,粗大ごみ・不燃ごみ・可燃ごみ・資源ごみ,併用,,無し,機能なし
大分県,玖珠九重行政事務組合,玖珠清掃センター,231,135.09,粗大ごみ・不燃ごみ,併用,,無し,機能なし
宮崎県,延岡市,延岡市清掃工場粗大ごみ処理施設,2808,714,粗大ごみ・不燃ごみ,破砕,,無し,機能なし
宮崎県,えびの市,えびの市美化センター,449,99,粗大ごみ・不燃ごみ,破砕,,無し,機能なし
宮崎県,門川町,門川町粗大ごみ破砕処理施設,0,0,粗大ごみ・不燃ごみ,併用,,無し,機能なし
鹿児島県,鹿児島市,鹿児島市粗大ごみ処理施設,6158,907.09,粗大ごみ,破砕,,無し,機能なし
鹿児島県,薩摩川内市,川内クリーンセンター,3267,658,粗大ごみ・不燃ごみ・資源ごみ,併用,,無し,機能なし
鹿児島県,日置市,日置市クリーン・リサイクルセンター,1141,436,粗大ごみ・不燃ごみ,併用,,無し,展示・譲渡
鹿児島県,曽於市,曽於市クリーンセンター,1735,172,粗大ごみ・不燃ごみ,破砕,,無し,機能なし
鹿児島県,いちき串木野市,串木野環境センター,912,181,粗大ごみ・不燃ごみ,併用,,無し,販売
鹿児島県,伊佐市,大口リサイクルプラザ,611,160,粗大ごみ・不燃ごみ・資源ごみ,併用,,無し,機能なし
鹿児島県,さつま町,さつま町クリーンセンター,493,,粗大ごみ・不燃ごみ,併用,,無し,機能なし
鹿児島県,屋久島町,屋久島クリーンサポートセンター,581,119,粗大ごみ・不燃ごみ,併用,,無し,機能なし
鹿児島県,与論町,与論町リサイクルセンター,137,,粗大ごみ・不燃ごみ・その他・資源ごみ,圧縮,,無し,機能なし
鹿児島県,南薩地区衛生管理組合,内鍋清掃センター,3772,385,粗大ごみ・不燃ごみ・資源ごみ,破砕,,無し,機能なし
鹿児島県,指宿広域市町村圏組合,指宿広域クリーンセンター,656,408,粗大ごみ・不燃ごみ・混合（未分別）ごみ・資源ごみ,併用,,無し,機能なし
鹿児島県,大島地区衛生組合,名瀬クリーンセンター,3596,591,粗大ごみ・不燃ごみ,併用,,無し,機能なし
鹿児島県,沖永良部衛生管理組合,沖永良部クリーンセンター,539,504,粗大ごみ・不燃ごみ・資源ごみ,併用,,無し,機能なし
鹿児島県,北薩広域行政事務組合,北薩広域行政事務組合リサイクルセンター,1205,375,粗大ごみ・不燃ごみ,併用,,無し,機能なし
鹿児島県,種子島地区広域事務組合,種子島清掃センター,627,107,粗大ごみ・不燃ごみ・資源ごみ,併用,,無し,機能なし
鹿児島県,徳之島愛ランド広域連合,徳之島愛ランドクリーンセンター,157,106,粗大ごみ,併用,,無し,機能なし
沖縄県,浦添市,浦添市クリーンセンター,1014,81,粗大ごみ・不燃ごみ,併用,,無し,機能なし
沖縄県,名護市,名護市粗大ごみ処理場(容器包装プラスチック・PETボトル中間処理施設),2403,2403,資源ごみ,圧縮,,無し,機能なし
沖縄県,竹富町,竹富町リサイクルセンター,65,,粗大ごみ・不燃ごみ・その他,併用,,無し,機能なし
沖縄県,本部町今帰仁村清掃施設組合,粗大ごみ処理施設,176,156,粗大ごみ・資源ごみ,併用,,無し,機能なし
沖縄県,金武地区消防衛生組合,金武地区消防衛生組合金武地区清掃センター,114,,粗大ごみ・不燃ごみ,破砕,,無し,機能なし
沖縄県,南部広域行政組合,糸豊環境美化センター,1189,762,粗大ごみ・不燃ごみ,併用,,無し,機能なし
沖縄県,南部広域行政組合,東部環境美化センター,437,,粗大ごみ,併用,,無し,機能なし
沖縄県,南部広域行政組合,島尻環境美化センター,656,294,粗大ごみ,破砕,,無し,機能なし
沖縄県,比謝川行政事務組合,環境美化センター,1209,483,粗大ごみ・不燃ごみ・資源ごみ,破砕,,無し,機能なし
沖縄県,那覇市・南風原町環境施設組合,那覇・南風原クリーンセンター,1810.27,1507.54,粗大ごみ・不燃ごみ,破砕,,無し,機能なし